"","Year","n_months","value","Season","Variable","start_year","period_start"
"1",1941,3,51.979623432808,"Winter","ppt_mm",1940,1940
"2",1942,3,47.6216923081709,"Winter","ppt_mm",1940,1940
"3",1943,3,14.9778791888348,"Winter","ppt_mm",1940,1940
"4",1944,3,63.1365676009155,"Winter","ppt_mm",1940,1940
"5",1945,3,35.4344799571318,"Winter","ppt_mm",1940,1945
"6",1946,3,22.6432565695465,"Winter","ppt_mm",1940,1945
"7",1947,3,25.1825429991367,"Winter","ppt_mm",1940,1945
"8",1948,3,32.5425001332402,"Winter","ppt_mm",1940,1945
"9",1949,3,71.599043412092,"Winter","ppt_mm",1940,1945
"10",1950,3,37.6160951042799,"Winter","ppt_mm",1940,1950
"11",1951,3,24.9315598585519,"Winter","ppt_mm",1940,1950
"12",1952,3,57.6036007814984,"Winter","ppt_mm",1940,1950
"13",1953,3,58.2919781392606,"Winter","ppt_mm",1940,1950
"14",1954,3,27.0403533326406,"Winter","ppt_mm",1940,1950
"15",1955,3,41.7761263337079,"Winter","ppt_mm",1940,1955
"16",1956,3,37.0734979420826,"Winter","ppt_mm",1940,1955
"17",1957,3,11.5366754217041,"Winter","ppt_mm",1940,1955
"18",1958,3,34.655252420542,"Winter","ppt_mm",1940,1955
"19",1959,3,30.685963221502,"Winter","ppt_mm",1940,1955
"20",1960,3,56.0151304915136,"Winter","ppt_mm",1940,1960
"21",1961,3,19.9038957642925,"Winter","ppt_mm",1940,1960
"22",1962,3,35.815307168398,"Winter","ppt_mm",1940,1960
"23",1963,3,36.2714263007955,"Winter","ppt_mm",1940,1960
"24",1964,3,23.2114337641689,"Winter","ppt_mm",1940,1960
"25",1965,3,33.0607434339474,"Winter","ppt_mm",1940,1965
"26",1966,3,44.2067365039933,"Winter","ppt_mm",1940,1965
"27",1967,3,22.8774028205728,"Winter","ppt_mm",1940,1965
"28",1968,3,27.1638844258833,"Winter","ppt_mm",1940,1965
"29",1969,3,59.7478783554484,"Winter","ppt_mm",1940,1965
"30",1970,3,18.213155656266,"Winter","ppt_mm",1940,1970
"31",1971,3,51.6622803398418,"Winter","ppt_mm",1940,1970
"32",1972,3,16.4383502788362,"Winter","ppt_mm",1940,1970
"33",1973,3,36.6553635618978,"Winter","ppt_mm",1940,1970
"34",1974,3,39.5700525423424,"Winter","ppt_mm",1940,1970
"35",1975,3,26.0086068568853,"Winter","ppt_mm",1940,1975
"36",1976,3,36.7695841976283,"Winter","ppt_mm",1940,1975
"37",1977,3,23.049781044115,"Winter","ppt_mm",1940,1975
"38",1978,3,55.1487470105566,"Winter","ppt_mm",1940,1975
"39",1979,3,44.0229024030371,"Winter","ppt_mm",1940,1975
"40",1980,3,32.5840945692112,"Winter","ppt_mm",1940,1980
"41",1981,3,16.8274050269844,"Winter","ppt_mm",1940,1980
"42",1982,3,38.5979485711314,"Winter","ppt_mm",1940,1980
"43",1983,3,35.2683096628934,"Winter","ppt_mm",1940,1980
"44",1984,3,47.7004304550697,"Winter","ppt_mm",1940,1980
"45",1985,3,22.5402020895678,"Winter","ppt_mm",1940,1985
"46",1986,3,38.7607589114391,"Winter","ppt_mm",1940,1985
"47",1987,3,43.5121877336244,"Winter","ppt_mm",1940,1985
"48",1988,3,63.4995366286946,"Winter","ppt_mm",1940,1985
"49",1989,3,25.4022261552073,"Winter","ppt_mm",1940,1985
"50",1990,3,23.8622593333768,"Winter","ppt_mm",1940,1990
"51",1991,3,22.4214860434815,"Winter","ppt_mm",1940,1990
"52",1992,3,44.575529171035,"Winter","ppt_mm",1940,1990
"53",1993,3,52.7777857118851,"Winter","ppt_mm",1940,1990
"54",1994,3,36.5644946067678,"Winter","ppt_mm",1940,1990
"55",1995,3,31.8205018014266,"Winter","ppt_mm",1940,1995
"56",1996,3,26.7740917815918,"Winter","ppt_mm",1940,1995
"57",1997,3,22.7257746806127,"Winter","ppt_mm",1940,1995
"58",1998,3,22.0955225221156,"Winter","ppt_mm",1940,1995
"59",1999,3,21.6781039603861,"Winter","ppt_mm",1940,1995
"60",2000,3,28.7284365490811,"Winter","ppt_mm",1940,2000
"61",2001,3,46.6802087450381,"Winter","ppt_mm",1940,2000
"62",2002,3,4.72469919586186,"Winter","ppt_mm",1940,2000
"63",2003,3,26.8505056770787,"Winter","ppt_mm",1940,2000
"64",2004,3,25.9457406721368,"Winter","ppt_mm",1940,2000
"65",2005,3,22.5270807288008,"Winter","ppt_mm",1940,2005
"66",2006,3,21.878836324402,"Winter","ppt_mm",1940,2005
"67",2007,3,89.4456084950018,"Winter","ppt_mm",1940,2005
"68",2008,3,14.813968365288,"Winter","ppt_mm",1940,2005
"69",2009,3,50.9351763721976,"Winter","ppt_mm",1940,2005
"70",2010,3,43.570878620349,"Winter","ppt_mm",1940,2010
"71",2011,3,53.8243124076993,"Winter","ppt_mm",1940,2010
"72",2012,3,40.7743732136325,"Winter","ppt_mm",1940,2010
"73",2013,3,35.2956049334209,"Winter","ppt_mm",1940,2010
"74",2014,3,26.2973646680865,"Winter","ppt_mm",1940,2010
"75",2015,3,51.606574219751,"Winter","ppt_mm",1940,2015
"76",2016,3,49.6589919727648,"Winter","ppt_mm",1940,2015
"77",2017,3,65.9119308766718,"Winter","ppt_mm",1940,2015
"78",2018,3,51.2819488252894,"Winter","ppt_mm",1940,2015
"79",2019,3,65.9257146888687,"Winter","ppt_mm",1940,2015
"80",2020,3,48.1638396521996,"Winter","ppt_mm",1940,2020
"81",2021,3,37.5761973361367,"Winter","ppt_mm",1940,2020
"82",2022,3,16.5308621181476,"Winter","ppt_mm",1940,2020
"83",2023,3,104.751671659179,"Winter","ppt_mm",1940,2020
"84",2024,3,61.163419263812,"Winter","ppt_mm",1940,2020
"85",2025,3,19.1828831786946,"Winter","ppt_mm",1940,2025
"86",1940,3,109.812549933762,"Spring","ppt_mm",1940,1940
"87",1941,3,162.230483831871,"Spring","ppt_mm",1940,1940
"88",1942,3,267.709593303303,"Spring","ppt_mm",1940,1940
"89",1943,3,121.246853210665,"Spring","ppt_mm",1940,1940
"90",1944,3,201.55483672617,"Spring","ppt_mm",1940,1940
"91",1945,3,140.865139384608,"Spring","ppt_mm",1940,1945
"92",1946,3,178.797033396287,"Spring","ppt_mm",1940,1945
"93",1947,3,126.710130492528,"Spring","ppt_mm",1940,1945
"94",1948,3,91.2771412811461,"Spring","ppt_mm",1940,1945
"95",1949,3,224.731553209793,"Spring","ppt_mm",1940,1945
"96",1950,3,135.658095068188,"Spring","ppt_mm",1940,1950
"97",1951,3,188.787813998866,"Spring","ppt_mm",1940,1950
"98",1952,3,160.872462823175,"Spring","ppt_mm",1940,1950
"99",1953,3,159.595936403704,"Spring","ppt_mm",1940,1950
"100",1954,3,129.130571747933,"Spring","ppt_mm",1940,1950
"101",1955,3,128.201173339392,"Spring","ppt_mm",1940,1955
"102",1956,3,90.5751990777602,"Spring","ppt_mm",1940,1955
"103",1957,3,256.766497287165,"Spring","ppt_mm",1940,1955
"104",1958,3,169.823981951375,"Spring","ppt_mm",1940,1955
"105",1959,3,156.619054235343,"Spring","ppt_mm",1940,1955
"106",1960,3,195.337068763661,"Spring","ppt_mm",1940,1960
"107",1961,3,196.431004162746,"Spring","ppt_mm",1940,1960
"108",1962,3,207.168382602428,"Spring","ppt_mm",1940,1960
"109",1963,3,108.267970673379,"Spring","ppt_mm",1940,1960
"110",1964,3,152.081416378306,"Spring","ppt_mm",1940,1960
"111",1965,3,153.192588328194,"Spring","ppt_mm",1940,1965
"112",1966,3,75.4165817079608,"Spring","ppt_mm",1940,1965
"113",1967,3,120.929670747235,"Spring","ppt_mm",1940,1965
"114",1968,3,147.756070827101,"Spring","ppt_mm",1940,1965
"115",1969,3,83.1912349764075,"Spring","ppt_mm",1940,1965
"116",1970,3,146.933157784523,"Spring","ppt_mm",1940,1970
"117",1971,3,204.878525073205,"Spring","ppt_mm",1940,1970
"118",1972,3,159.166322954657,"Spring","ppt_mm",1940,1970
"119",1973,3,223.403177760733,"Spring","ppt_mm",1940,1970
"120",1974,3,128.319204329258,"Spring","ppt_mm",1940,1970
"121",1975,3,141.412592263257,"Spring","ppt_mm",1940,1975
"122",1976,3,156.02937127188,"Spring","ppt_mm",1940,1975
"123",1977,3,316.290761776779,"Spring","ppt_mm",1940,1975
"124",1978,3,191.386427390763,"Spring","ppt_mm",1940,1975
"125",1979,3,166.992912354705,"Spring","ppt_mm",1940,1975
"126",1980,3,131.741067740282,"Spring","ppt_mm",1940,1980
"127",1981,3,166.353222817915,"Spring","ppt_mm",1940,1980
"128",1982,3,198.436778049824,"Spring","ppt_mm",1940,1980
"129",1983,3,226.089517245874,"Spring","ppt_mm",1940,1980
"130",1984,3,181.609277984139,"Spring","ppt_mm",1940,1980
"131",1985,3,132.22655459266,"Spring","ppt_mm",1940,1985
"132",1986,3,198.183550186568,"Spring","ppt_mm",1940,1985
"133",1987,3,204.03685076737,"Spring","ppt_mm",1940,1985
"134",1988,3,204.258498375681,"Spring","ppt_mm",1940,1985
"135",1989,3,66.2179670864403,"Spring","ppt_mm",1940,1985
"136",1990,3,185.466826057118,"Spring","ppt_mm",1940,1990
"137",1991,3,208.333852383457,"Spring","ppt_mm",1940,1990
"138",1992,3,107.482123894965,"Spring","ppt_mm",1940,1990
"139",1993,3,166.56621789662,"Spring","ppt_mm",1940,1990
"140",1994,3,84.5272443930405,"Spring","ppt_mm",1940,1990
"141",1995,3,290.042085154792,"Spring","ppt_mm",1940,1995
"142",1996,3,177.269894654621,"Spring","ppt_mm",1940,1995
"143",1997,3,119.65030689396,"Spring","ppt_mm",1940,1995
"144",1998,3,149.891010274142,"Spring","ppt_mm",1940,1995
"145",1999,3,181.386003868666,"Spring","ppt_mm",1940,1995
"146",2000,3,163.519448226877,"Spring","ppt_mm",1940,2000
"147",2001,3,200.6010080367,"Spring","ppt_mm",1940,2000
"148",2002,3,96.9398308240608,"Spring","ppt_mm",1940,2000
"149",2003,3,194.373513131041,"Spring","ppt_mm",1940,2000
"150",2004,3,174.257424975088,"Spring","ppt_mm",1940,2000
"151",2005,3,243.412741715914,"Spring","ppt_mm",1940,2005
"152",2006,3,125.976705575141,"Spring","ppt_mm",1940,2005
"153",2007,3,298.900388575269,"Spring","ppt_mm",1940,2005
"154",2008,3,233.401608801428,"Spring","ppt_mm",1940,2005
"155",2009,3,168.457487434585,"Spring","ppt_mm",1940,2005
"156",2010,3,199.205494059098,"Spring","ppt_mm",1940,2010
"157",2011,3,218.431867836521,"Spring","ppt_mm",1940,2010
"158",2012,3,146.732642741103,"Spring","ppt_mm",1940,2010
"159",2013,3,191.474775808002,"Spring","ppt_mm",1940,2010
"160",2014,3,126.976450112139,"Spring","ppt_mm",1940,2010
"161",2015,3,246.02489702297,"Spring","ppt_mm",1940,2015
"162",2016,3,279.943816160281,"Spring","ppt_mm",1940,2015
"163",2017,3,201.407661912583,"Spring","ppt_mm",1940,2015
"164",2018,3,232.755437606667,"Spring","ppt_mm",1940,2015
"165",2019,3,312.89262761218,"Spring","ppt_mm",1940,2015
"166",2020,3,181.804363828025,"Spring","ppt_mm",1940,2020
"167",2021,3,203.121302214189,"Spring","ppt_mm",1940,2020
"168",2022,3,157.425449849559,"Spring","ppt_mm",1940,2020
"169",2023,3,180.712814641371,"Spring","ppt_mm",1940,2020
"170",2024,3,194.950339763443,"Spring","ppt_mm",1940,2020
"171",2025,3,187.591454849212,"Spring","ppt_mm",1940,2025
"172",1940,3,137.442440931529,"Summer","ppt_mm",1940,1940
"173",1941,3,205.573744581126,"Summer","ppt_mm",1940,1940
"174",1942,3,188.863646665461,"Summer","ppt_mm",1940,1940
"175",1943,3,204.873436074841,"Summer","ppt_mm",1940,1940
"176",1944,3,262.228830471465,"Summer","ppt_mm",1940,1940
"177",1945,3,263.197414750977,"Summer","ppt_mm",1940,1945
"178",1946,3,150.210790382619,"Summer","ppt_mm",1940,1945
"179",1947,3,260.557446887686,"Summer","ppt_mm",1940,1945
"180",1948,3,258.577819423447,"Summer","ppt_mm",1940,1945
"181",1949,3,200.989900233042,"Summer","ppt_mm",1940,1945
"182",1950,3,256.523429348549,"Summer","ppt_mm",1940,1950
"183",1951,3,318.628004590878,"Summer","ppt_mm",1940,1950
"184",1952,3,139.631756383343,"Summer","ppt_mm",1940,1950
"185",1953,3,199.007758555308,"Summer","ppt_mm",1940,1950
"186",1954,3,210.249574263648,"Summer","ppt_mm",1940,1950
"187",1955,3,151.016034849514,"Summer","ppt_mm",1940,1955
"188",1956,3,197.792372124808,"Summer","ppt_mm",1940,1955
"189",1957,3,231.309945812863,"Summer","ppt_mm",1940,1955
"190",1958,3,275.54624794714,"Summer","ppt_mm",1940,1955
"191",1959,3,182.499328796003,"Summer","ppt_mm",1940,1955
"192",1960,3,175.655970754036,"Summer","ppt_mm",1940,1960
"193",1961,3,173.431103129461,"Summer","ppt_mm",1940,1960
"194",1962,3,348.887522438795,"Summer","ppt_mm",1940,1960
"195",1963,3,250.852624454979,"Summer","ppt_mm",1940,1960
"196",1964,3,211.785975902359,"Summer","ppt_mm",1940,1960
"197",1965,3,280.033942483359,"Summer","ppt_mm",1940,1965
"198",1966,3,285.692633529972,"Summer","ppt_mm",1940,1965
"199",1967,3,263.477786308829,"Summer","ppt_mm",1940,1965
"200",1968,3,252.221725971684,"Summer","ppt_mm",1940,1965
"201",1969,3,217.639668541915,"Summer","ppt_mm",1940,1965
"202",1970,3,160.72692029622,"Summer","ppt_mm",1940,1970
"203",1971,3,179.877929450202,"Summer","ppt_mm",1940,1970
"204",1972,3,229.291085131167,"Summer","ppt_mm",1940,1970
"205",1973,3,153.935935825678,"Summer","ppt_mm",1940,1970
"206",1974,3,166.907423862608,"Summer","ppt_mm",1940,1970
"207",1975,3,215.199671629025,"Summer","ppt_mm",1940,1975
"208",1976,3,160.607117532926,"Summer","ppt_mm",1940,1975
"209",1977,3,259.733470268134,"Summer","ppt_mm",1940,1975
"210",1978,3,215.587689810245,"Summer","ppt_mm",1940,1975
"211",1979,3,253.862449285303,"Summer","ppt_mm",1940,1975
"212",1980,3,171.605940230287,"Summer","ppt_mm",1940,1980
"213",1981,3,253.59954764746,"Summer","ppt_mm",1940,1980
"214",1982,3,196.833429357641,"Summer","ppt_mm",1940,1980
"215",1983,3,255.416041469652,"Summer","ppt_mm",1940,1980
"216",1984,3,203.428137066816,"Summer","ppt_mm",1940,1980
"217",1985,3,177.770924193245,"Summer","ppt_mm",1940,1985
"218",1986,3,224.690986491449,"Summer","ppt_mm",1940,1985
"219",1987,3,186.123054984264,"Summer","ppt_mm",1940,1985
"220",1988,3,198.198176174096,"Summer","ppt_mm",1940,1985
"221",1989,3,151.747534423497,"Summer","ppt_mm",1940,1985
"222",1990,3,178.445676473745,"Summer","ppt_mm",1940,1990
"223",1991,3,163.596666532291,"Summer","ppt_mm",1940,1990
"224",1992,3,320.058686287784,"Summer","ppt_mm",1940,1990
"225",1993,3,325.432751648987,"Summer","ppt_mm",1940,1990
"226",1994,3,252.791678944905,"Summer","ppt_mm",1940,1990
"227",1995,3,186.311946721785,"Summer","ppt_mm",1940,1995
"228",1996,3,193.652574229642,"Summer","ppt_mm",1940,1995
"229",1997,3,222.790536990178,"Summer","ppt_mm",1940,1995
"230",1998,3,274.477815332748,"Summer","ppt_mm",1940,1995
"231",1999,3,223.007568096766,"Summer","ppt_mm",1940,1995
"232",2000,3,143.079433835119,"Summer","ppt_mm",1940,2000
"233",2001,3,187.297826134965,"Summer","ppt_mm",1940,2000
"234",2002,3,152.288057204931,"Summer","ppt_mm",1940,2000
"235",2003,3,188.757971597502,"Summer","ppt_mm",1940,2000
"236",2004,3,233.335683651513,"Summer","ppt_mm",1940,2000
"237",2005,3,290.49997406201,"Summer","ppt_mm",1940,2005
"238",2006,3,184.514370440251,"Summer","ppt_mm",1940,2005
"239",2007,3,224.922779675112,"Summer","ppt_mm",1940,2005
"240",2008,3,267.068426017245,"Summer","ppt_mm",1940,2005
"241",2009,3,337.4052515813,"Summer","ppt_mm",1940,2005
"242",2010,3,381.569012671699,"Summer","ppt_mm",1940,2010
"243",2011,3,326.117463897861,"Summer","ppt_mm",1940,2010
"244",2012,3,78.2691246806226,"Summer","ppt_mm",1940,2010
"245",2013,3,225.731682437014,"Summer","ppt_mm",1940,2010
"246",2014,3,341.989894225449,"Summer","ppt_mm",1940,2010
"247",2015,3,253.288134140635,"Summer","ppt_mm",1940,2015
"248",2016,3,227.627530798649,"Summer","ppt_mm",1940,2015
"249",2017,3,213.901826334025,"Summer","ppt_mm",1940,2015
"250",2018,3,330.468687204092,"Summer","ppt_mm",1940,2015
"251",2019,3,371.752439130299,"Summer","ppt_mm",1940,2015
"252",2020,3,221.709562379047,"Summer","ppt_mm",1940,2020
"253",2021,3,170.681308300086,"Summer","ppt_mm",1940,2020
"254",2022,3,154.722938837516,"Summer","ppt_mm",1940,2020
"255",2023,3,290.237929341806,"Summer","ppt_mm",1940,2020
"256",2024,3,228.065737853237,"Summer","ppt_mm",1940,2020
"257",2025,3,304.893132660909,"Summer","ppt_mm",1940,2025
"258",1940,3,74.2554351882047,"Fall","ppt_mm",1940,1940
"259",1941,3,145.160372979461,"Fall","ppt_mm",1940,1940
"260",1942,3,108.096766935253,"Fall","ppt_mm",1940,1940
"261",1943,3,61.324398947286,"Fall","ppt_mm",1940,1940
"262",1944,3,68.5153475421418,"Fall","ppt_mm",1940,1940
"263",1945,3,68.2623079849201,"Fall","ppt_mm",1940,1945
"264",1946,3,222.881783245742,"Fall","ppt_mm",1940,1945
"265",1947,3,103.415350855336,"Fall","ppt_mm",1940,1945
"266",1948,3,84.5446817841293,"Fall","ppt_mm",1940,1945
"267",1949,3,97.6534110906047,"Fall","ppt_mm",1940,1945
"268",1950,3,91.3904116511647,"Fall","ppt_mm",1940,1950
"269",1951,3,129.358939483181,"Fall","ppt_mm",1940,1950
"270",1952,3,41.5643489124217,"Fall","ppt_mm",1940,1950
"271",1953,3,61.4987697001005,"Fall","ppt_mm",1940,1950
"272",1954,3,75.3490666404511,"Fall","ppt_mm",1940,1950
"273",1955,3,72.5549889816117,"Fall","ppt_mm",1940,1955
"274",1956,3,59.8464196902952,"Fall","ppt_mm",1940,1955
"275",1957,3,119.45846458486,"Fall","ppt_mm",1940,1955
"276",1958,3,46.3054293617367,"Fall","ppt_mm",1940,1955
"277",1959,3,104.222479742861,"Fall","ppt_mm",1940,1955
"278",1960,3,57.333292482372,"Fall","ppt_mm",1940,1960
"279",1961,3,91.1399897772336,"Fall","ppt_mm",1940,1960
"280",1962,3,55.7315462802455,"Fall","ppt_mm",1940,1960
"281",1963,3,116.97356618502,"Fall","ppt_mm",1940,1960
"282",1964,3,45.235551568807,"Fall","ppt_mm",1940,1960
"283",1965,3,144.338586793821,"Fall","ppt_mm",1940,1965
"284",1966,3,82.8246450097582,"Fall","ppt_mm",1940,1965
"285",1967,3,58.5500953886308,"Fall","ppt_mm",1940,1965
"286",1968,3,69.8155869559626,"Fall","ppt_mm",1940,1965
"287",1969,3,107.185222791775,"Fall","ppt_mm",1940,1965
"288",1970,3,85.7635595508122,"Fall","ppt_mm",1940,1970
"289",1971,3,127.412544408818,"Fall","ppt_mm",1940,1970
"290",1972,3,101.448584210784,"Fall","ppt_mm",1940,1970
"291",1973,3,196.658671458452,"Fall","ppt_mm",1940,1970
"292",1974,3,38.7614664201,"Fall","ppt_mm",1940,1970
"293",1975,3,59.2222867498478,"Fall","ppt_mm",1940,1975
"294",1976,3,54.9458883043344,"Fall","ppt_mm",1940,1975
"295",1977,3,93.7432985957033,"Fall","ppt_mm",1940,1975
"296",1978,3,43.4191658783591,"Fall","ppt_mm",1940,1975
"297",1979,3,125.688864505716,"Fall","ppt_mm",1940,1975
"298",1980,3,43.336875859768,"Fall","ppt_mm",1940,1980
"299",1981,3,85.3438836216826,"Fall","ppt_mm",1940,1980
"300",1982,3,144.321537745274,"Fall","ppt_mm",1940,1980
"301",1983,3,85.9916649333745,"Fall","ppt_mm",1940,1980
"302",1984,3,99.6514022289671,"Fall","ppt_mm",1940,1980
"303",1985,3,124.862908492934,"Fall","ppt_mm",1940,1985
"304",1986,3,147.816337397389,"Fall","ppt_mm",1940,1985
"305",1987,3,103.763129615152,"Fall","ppt_mm",1940,1985
"306",1988,3,79.1334271488827,"Fall","ppt_mm",1940,1985
"307",1989,3,59.5177495198854,"Fall","ppt_mm",1940,1985
"308",1990,3,81.3799001993255,"Fall","ppt_mm",1940,1990
"309",1991,3,116.438097882804,"Fall","ppt_mm",1940,1990
"310",1992,3,69.978378165248,"Fall","ppt_mm",1940,1990
"311",1993,3,130.429375221889,"Fall","ppt_mm",1940,1990
"312",1994,3,111.046664107726,"Fall","ppt_mm",1940,1990
"313",1995,3,136.734132960676,"Fall","ppt_mm",1940,1995
"314",1996,3,144.88154772233,"Fall","ppt_mm",1940,1995
"315",1997,3,133.282564835641,"Fall","ppt_mm",1940,1995
"316",1998,3,154.007329594868,"Fall","ppt_mm",1940,1995
"317",1999,3,63.0824605812912,"Fall","ppt_mm",1940,1995
"318",2000,3,128.107427423489,"Fall","ppt_mm",1940,2000
"319",2001,3,111.307349999966,"Fall","ppt_mm",1940,2000
"320",2002,3,90.2440923477129,"Fall","ppt_mm",1940,2000
"321",2003,3,65.1985573532642,"Fall","ppt_mm",1940,2000
"322",2004,3,157.751631540919,"Fall","ppt_mm",1940,2000
"323",2005,3,82.5573118485319,"Fall","ppt_mm",1940,2005
"324",2006,3,99.5686483111236,"Fall","ppt_mm",1940,2005
"325",2007,3,106.206758625277,"Fall","ppt_mm",1940,2005
"326",2008,3,192.536206604006,"Fall","ppt_mm",1940,2005
"327",2009,3,125.946639455817,"Fall","ppt_mm",1940,2005
"328",2010,3,87.0330336924783,"Fall","ppt_mm",1940,2010
"329",2011,3,98.832424379232,"Fall","ppt_mm",1940,2010
"330",2012,3,23.3846632584306,"Fall","ppt_mm",1940,2010
"331",2013,3,114.577666336309,"Fall","ppt_mm",1940,2010
"332",2014,3,84.5013528137155,"Fall","ppt_mm",1940,2010
"333",2015,3,147.382823648195,"Fall","ppt_mm",1940,2015
"334",2016,3,102.610286653915,"Fall","ppt_mm",1940,2015
"335",2017,3,150.946870303267,"Fall","ppt_mm",1940,2015
"336",2018,3,130.012526440955,"Fall","ppt_mm",1940,2015
"337",2019,3,130.121343918126,"Fall","ppt_mm",1940,2015
"338",2020,3,54.1189195328339,"Fall","ppt_mm",1940,2020
"339",2021,3,112.028274464625,"Fall","ppt_mm",1940,2020
"340",2022,3,52.3444409607224,"Fall","ppt_mm",1940,2020
"341",2023,3,149.791136688379,"Fall","ppt_mm",1940,2020
"342",2024,3,54.1382086491794,"Fall","ppt_mm",1940,2020
"343",2025,3,103.330041988501,"Fall","ppt_mm",1940,2025
"344",1940,5,178.054697227835,"Growing","ppt_mm",1940,1940
"345",1941,5,351.380099025787,"Growing","ppt_mm",1940,1940
"346",1942,5,399.153124693779,"Growing","ppt_mm",1940,1940
"347",1943,5,273.448073652788,"Growing","ppt_mm",1940,1940
"348",1944,5,373.395810729532,"Growing","ppt_mm",1940,1940
"349",1945,5,390.246661657387,"Growing","ppt_mm",1940,1945
"350",1946,5,344.883465809884,"Growing","ppt_mm",1940,1945
"351",1947,5,366.092052118008,"Growing","ppt_mm",1940,1945
"352",1948,5,342.179189068195,"Growing","ppt_mm",1940,1945
"353",1949,5,352.181835502559,"Growing","ppt_mm",1940,1945
"354",1950,5,399.204267309882,"Growing","ppt_mm",1940,1950
"355",1951,5,520.318557053203,"Growing","ppt_mm",1940,1950
"356",1952,5,257.016334212547,"Growing","ppt_mm",1940,1950
"357",1953,5,264.520524919528,"Growing","ppt_mm",1940,1950
"358",1954,5,308.907612172813,"Growing","ppt_mm",1940,1950
"359",1955,5,303.20230472724,"Growing","ppt_mm",1940,1955
"360",1956,5,250.691085986119,"Growing","ppt_mm",1940,1955
"361",1957,5,436.428653551723,"Growing","ppt_mm",1940,1955
"362",1958,5,376.373146721299,"Growing","ppt_mm",1940,1955
"363",1959,5,317.983455753671,"Growing","ppt_mm",1940,1955
"364",1960,5,315.391356592387,"Growing","ppt_mm",1940,1960
"365",1961,5,360.634589458387,"Growing","ppt_mm",1940,1960
"366",1962,5,538.065904212059,"Growing","ppt_mm",1940,1960
"367",1963,5,383.465054613008,"Growing","ppt_mm",1940,1960
"368",1964,5,298.193632289855,"Growing","ppt_mm",1940,1960
"369",1965,5,501.125068636073,"Growing","ppt_mm",1940,1965
"370",1966,5,363.160813227854,"Growing","ppt_mm",1940,1965
"371",1967,5,377.687373013467,"Growing","ppt_mm",1940,1965
"372",1968,5,333.819872792993,"Growing","ppt_mm",1940,1965
"373",1969,5,303.278222572088,"Growing","ppt_mm",1940,1965
"374",1970,5,247.719410991617,"Growing","ppt_mm",1940,1970
"375",1971,5,319.060286155682,"Growing","ppt_mm",1940,1970
"376",1972,5,362.857176706348,"Growing","ppt_mm",1940,1970
"377",1973,5,398.381116585208,"Growing","ppt_mm",1940,1970
"378",1974,5,243.406261834711,"Growing","ppt_mm",1940,1970
"379",1975,5,287.846804899111,"Growing","ppt_mm",1940,1975
"380",1976,5,258.169676816164,"Growing","ppt_mm",1940,1975
"381",1977,5,430.477603731218,"Growing","ppt_mm",1940,1975
"382",1978,5,327.945346951055,"Growing","ppt_mm",1940,1975
"383",1979,5,366.341957985845,"Growing","ppt_mm",1940,1975
"384",1980,5,243.280855669974,"Growing","ppt_mm",1940,1980
"385",1981,5,376.793449191055,"Growing","ppt_mm",1940,1980
"386",1982,5,374.011910767856,"Growing","ppt_mm",1940,1980
"387",1983,5,398.398677880472,"Growing","ppt_mm",1940,1980
"388",1984,5,275.192884900738,"Growing","ppt_mm",1940,1980
"389",1985,5,323.021014606949,"Growing","ppt_mm",1940,1985
"390",1986,5,395.984347628991,"Growing","ppt_mm",1940,1985
"391",1987,5,342.542524995346,"Growing","ppt_mm",1940,1985
"392",1988,5,400.368948283102,"Growing","ppt_mm",1940,1985
"393",1989,5,242.443656343302,"Growing","ppt_mm",1940,1985
"394",1990,5,295.817688338165,"Growing","ppt_mm",1940,1990
"395",1991,5,340.743429618545,"Growing","ppt_mm",1940,1990
"396",1992,5,378.464478918549,"Growing","ppt_mm",1940,1990
"397",1993,5,455.783258997606,"Growing","ppt_mm",1940,1990
"398",1994,5,315.540926628625,"Growing","ppt_mm",1940,1990
"399",1995,5,413.395429949765,"Growing","ppt_mm",1940,1995
"400",1996,5,428.948503192104,"Growing","ppt_mm",1940,1995
"401",1997,5,339.895716992801,"Growing","ppt_mm",1940,1995
"402",1998,5,382.899102959542,"Growing","ppt_mm",1940,1995
"403",1999,5,346.511101933518,"Growing","ppt_mm",1940,1995
"404",2000,5,269.387911115304,"Growing","ppt_mm",1940,2000
"405",2001,5,307.595388997285,"Growing","ppt_mm",1940,2000
"406",2002,5,234.354232759083,"Growing","ppt_mm",1940,2000
"407",2003,5,306.818690386733,"Growing","ppt_mm",1940,2000
"408",2004,5,402.575109542191,"Growing","ppt_mm",1940,2000
"409",2005,5,416.551363837849,"Growing","ppt_mm",1940,2005
"410",2006,5,273.691821351184,"Growing","ppt_mm",1940,2005
"411",2007,5,405.133206633066,"Growing","ppt_mm",1940,2005
"412",2008,5,480.864564007608,"Growing","ppt_mm",1940,2005
"413",2009,5,442.76479041303,"Growing","ppt_mm",1940,2005
"414",2010,5,500.595426853762,"Growing","ppt_mm",1940,2010
"415",2011,5,478.347747527996,"Growing","ppt_mm",1940,2010
"416",2012,5,126.222602685894,"Growing","ppt_mm",1940,2010
"417",2013,5,397.468143322074,"Growing","ppt_mm",1940,2010
"418",2014,5,468.379554508075,"Growing","ppt_mm",1940,2010
"419",2015,5,484.621818251593,"Growing","ppt_mm",1940,2015
"420",2016,5,385.594351315058,"Growing","ppt_mm",1940,2015
"421",2017,5,402.985366280973,"Growing","ppt_mm",1940,2015
"422",2018,5,541.320577955785,"Growing","ppt_mm",1940,2015
"423",2019,5,630.443179523414,"Growing","ppt_mm",1940,2015
"424",2020,5,348.930830566758,"Growing","ppt_mm",1940,2020
"425",2021,5,329.364660954786,"Growing","ppt_mm",1940,2020
"426",2022,5,275.081278951384,"Growing","ppt_mm",1940,2020
"427",2023,5,498.777991781587,"Growing","ppt_mm",1940,2020
"428",2024,5,309.723133767529,"Growing","ppt_mm",1940,2020
"429",2025,5,497.651789093072,"Growing","ppt_mm",1940,2025
"430",1941,7,206.485712490921,"NonGrowing","ppt_mm",1940,1940
"431",1942,7,238.971510932472,"NonGrowing","ppt_mm",1940,1940
"432",1943,7,119.416325120513,"NonGrowing","ppt_mm",1940,1940
"433",1944,7,207.808883009571,"NonGrowing","ppt_mm",1940,1940
"434",1945,7,162.265460363106,"NonGrowing","ppt_mm",1940,1945
"435",1946,7,105.832881038583,"NonGrowing","ppt_mm",1940,1945
"436",1947,7,219.269457561348,"NonGrowing","ppt_mm",1940,1945
"437",1948,7,143.579590254671,"NonGrowing","ppt_mm",1940,1945
"438",1949,7,227.637731020134,"NonGrowing","ppt_mm",1940,1945
"439",1950,7,155.442336987217,"NonGrowing","ppt_mm",1940,1950
"440",1951,7,123.495791849366,"NonGrowing","ppt_mm",1940,1950
"441",1952,7,159.18160575264,"NonGrowing","ppt_mm",1940,1950
"442",1953,7,185.37997456279,"NonGrowing","ppt_mm",1940,1950
"443",1954,7,153.591245780881,"NonGrowing","ppt_mm",1940,1950
"444",1955,7,107.646899322986,"NonGrowing","ppt_mm",1940,1955
"445",1956,7,99.5052106950306,"NonGrowing","ppt_mm",1940,1955
"446",1957,7,167.813072735078,"NonGrowing","ppt_mm",1940,1955
"447",1958,7,202.197087642596,"NonGrowing","ppt_mm",1940,1955
"448",1959,7,113.787015770872,"NonGrowing","ppt_mm",1940,1955
"449",1960,7,199.168672441005,"NonGrowing","ppt_mm",1940,1960
"450",1961,7,120.836237472868,"NonGrowing","ppt_mm",1940,1960
"451",1962,7,109.822807843223,"NonGrowing","ppt_mm",1940,1960
"452",1963,7,127.954554568954,"NonGrowing","ppt_mm",1940,1960
"453",1964,7,156.240179373886,"NonGrowing","ppt_mm",1940,1960
"454",1965,7,79.8710881764097,"NonGrowing","ppt_mm",1940,1965
"455",1966,7,138.266930925558,"NonGrowing","ppt_mm",1940,1965
"456",1967,7,84.6771686536689,"NonGrowing","ppt_mm",1940,1965
"457",1968,7,138.131164263231,"NonGrowing","ppt_mm",1940,1965
"458",1969,7,138.384389534885,"NonGrowing","ppt_mm",1940,1965
"459",1970,7,192.612358493946,"NonGrowing","ppt_mm",1940,1970
"460",1971,7,214.770041202984,"NonGrowing","ppt_mm",1940,1970
"461",1972,7,159.004070773327,"NonGrowing","ppt_mm",1940,1970
"462",1973,7,222.35632622087,"NonGrowing","ppt_mm",1940,1970
"463",1974,7,159.257946374636,"NonGrowing","ppt_mm",1940,1970
"464",1975,7,130.215675210549,"NonGrowing","ppt_mm",1940,1975
"465",1976,7,176.325171186263,"NonGrowing","ppt_mm",1940,1975
"466",1977,7,224.784661209185,"NonGrowing","ppt_mm",1940,1975
"467",1978,7,206.220089012922,"NonGrowing","ppt_mm",1940,1975
"468",1979,7,168.260116951966,"NonGrowing","ppt_mm",1940,1975
"469",1980,7,188.789722386867,"NonGrowing","ppt_mm",1940,1980
"470",1981,7,111.461921481043,"NonGrowing","ppt_mm",1940,1980
"471",1982,7,162.763416099008,"NonGrowing","ppt_mm",1940,1980
"472",1983,7,242.697059994764,"NonGrowing","ppt_mm",1940,1980
"473",1984,7,244.363212489762,"NonGrowing","ppt_mm",1940,1980
"474",1985,7,167.417150911257,"NonGrowing","ppt_mm",1940,1985
"475",1986,7,205.297298003831,"NonGrowing","ppt_mm",1940,1985
"476",1987,7,208.296932611647,"NonGrowing","ppt_mm",1940,1985
"477",1988,7,174.533489882137,"NonGrowing","ppt_mm",1940,1985
"478",1989,7,64.5156085048795,"NonGrowing","ppt_mm",1940,1985
"479",1990,7,122.05387943483,"NonGrowing","ppt_mm",1940,1990
"480",1991,7,160.882925373592,"NonGrowing","ppt_mm",1940,1990
"481",1992,7,193.305576761648,"NonGrowing","ppt_mm",1940,1990
"482",1993,7,188.900931689585,"NonGrowing","ppt_mm",1940,1990
"483",1994,7,160.991946403591,"NonGrowing","ppt_mm",1940,1990
"484",1995,7,239.677441603814,"NonGrowing","ppt_mm",1940,1995
"485",1996,7,142.114832168455,"NonGrowing","ppt_mm",1940,1995
"486",1997,7,125.988638107631,"NonGrowing","ppt_mm",1940,1995
"487",1998,7,163.758432920615,"NonGrowing","ppt_mm",1940,1995
"488",1999,7,264.418597202725,"NonGrowing","ppt_mm",1940,1995
"489",2000,7,113.53547000571,"NonGrowing","ppt_mm",1940,2000
"490",2001,7,271.572893579821,"NonGrowing","ppt_mm",1940,2000
"491",2002,7,116.483378785937,"NonGrowing","ppt_mm",1940,2000
"492",2003,7,183.86442800846,"NonGrowing","ppt_mm",1940,2000
"493",2004,7,154.016168663626,"NonGrowing","ppt_mm",1940,2000
"494",2005,7,238.526528602588,"NonGrowing","ppt_mm",1940,2005
"495",2006,7,184.276287527016,"NonGrowing","ppt_mm",1940,2005
"496",2007,7,271.091871765174,"NonGrowing","ppt_mm",1940,2005
"497",2008,7,178.430810704761,"NonGrowing","ppt_mm",1940,2005
"498",2009,7,268.460649786516,"NonGrowing","ppt_mm",1940,2005
"499",2010,7,253.50648128728,"NonGrowing","ppt_mm",1940,2010
"500",2011,7,196.45930466762,"NonGrowing","ppt_mm",1940,2010
"501",2012,7,215.127744742775,"NonGrowing","ppt_mm",1940,2010
"502",2013,7,120.196006971359,"NonGrowing","ppt_mm",1940,2010
"503",2014,7,147.810184413102,"NonGrowing","ppt_mm",1940,2010
"504",2015,7,157.516976804497,"NonGrowing","ppt_mm",1940,2015
"505",2016,7,300.507363625166,"NonGrowing","ppt_mm",1940,2015
"506",2017,7,215.794409459487,"NonGrowing","ppt_mm",1940,2015
"507",2018,7,202.476665152811,"NonGrowing","ppt_mm",1940,2015
"508",2019,7,275.253432985135,"NonGrowing","ppt_mm",1940,2015
"509",2020,7,169.90306468198,"NonGrowing","ppt_mm",1940,2020
"510",2021,7,186.634063757963,"NonGrowing","ppt_mm",1940,2020
"511",2022,7,128.053535603614,"NonGrowing","ppt_mm",1940,2020
"512",2023,7,158.209985305369,"NonGrowing","ppt_mm",1940,2020
"513",2024,7,270.669238359586,"NonGrowing","ppt_mm",1940,2020
"514",2025,7,130.607995842692,"NonGrowing","ppt_mm",1940,2025
