"","model","scenario","year","tmean_annual"
"1","ACCESS-CM2","ssp245",2045,12.620741908091
"2","ACCESS-CM2","ssp245",2046,10.8921110244003
"3","ACCESS-CM2","ssp245",2047,12.3231527049013
"4","ACCESS-CM2","ssp245",2048,12.5923598372022
"5","ACCESS-CM2","ssp245",2049,11.6577197910593
"6","ACCESS-CM2","ssp245",2050,12.8757047898418
"7","ACCESS-CM2","ssp245",2051,13.5217082892412
"8","ACCESS-CM2","ssp245",2052,12.5519787164235
"9","ACCESS-CM2","ssp245",2053,12.3385762026966
"10","ACCESS-CM2","ssp245",2054,12.1496699273913
"11","ACCESS-CM2","ssp245",2055,12.1544941572655
"12","ACCESS-CM2","ssp245",2056,12.3966268263102
"13","ACCESS-CM2","ssp245",2057,12.7378606103961
"14","ACCESS-CM2","ssp245",2058,12.2569791474954
"15","ACCESS-CM2","ssp245",2059,12.4707538140117
"16","ACCESS-CM2","ssp245",2060,12.6841680420579
"17","ACCESS-CM2","ssp245",2061,13.1856676450899
"18","ACCESS-CM2","ssp245",2062,12.1650095065737
"19","ACCESS-CM2","ssp245",2063,13.1168233324118
"20","ACCESS-CM2","ssp245",2064,12.1719094080067
"21","ACCESS-CM2","ssp245",2065,11.3425942063092
"22","ACCESS-CM2","ssp245",2066,13.9003974828092
"23","ACCESS-CM2","ssp245",2067,13.1939741019035
"24","ACCESS-CM2","ssp245",2068,13.2582652637759
"25","ACCESS-CM2","ssp245",2069,11.6719881162725
"26","ACCESS-CM2","ssp245",2070,12.6438857709418
"27","ACCESS-CM2","ssp245",2071,13.1681439657939
"28","ACCESS-CM2","ssp245",2072,12.5269221618427
"29","ACCESS-CM2","ssp245",2073,14.8941329990923
"30","ACCESS-CM2","ssp245",2074,12.5179964603847
"31","ACCESS-CM2","ssp585",2045,10.7948707457868
"32","ACCESS-CM2","ssp585",2046,12.4856652016983
"33","ACCESS-CM2","ssp585",2047,13.3544702318183
"34","ACCESS-CM2","ssp585",2048,12.8690453502381
"35","ACCESS-CM2","ssp585",2049,11.3274329654057
"36","ACCESS-CM2","ssp585",2050,11.9611282629306
"37","ACCESS-CM2","ssp585",2051,12.4094058120124
"38","ACCESS-CM2","ssp585",2052,12.3953692950484
"39","ACCESS-CM2","ssp585",2053,13.0045379153569
"40","ACCESS-CM2","ssp585",2054,12.3577932097218
"41","ACCESS-CM2","ssp585",2055,12.6937840737283
"42","ACCESS-CM2","ssp585",2056,12.4638178868519
"43","ACCESS-CM2","ssp585",2057,13.0756717656878
"44","ACCESS-CM2","ssp585",2058,12.3983057264164
"45","ACCESS-CM2","ssp585",2059,12.7518706013482
"46","ACCESS-CM2","ssp585",2060,12.5919753217054
"47","ACCESS-CM2","ssp585",2061,13.5989909541362
"48","ACCESS-CM2","ssp585",2062,12.7609231915179
"49","ACCESS-CM2","ssp585",2063,13.1518021036609
"50","ACCESS-CM2","ssp585",2064,13.2933459596077
"51","ACCESS-CM2","ssp585",2065,14.6954277221556
"52","ACCESS-CM2","ssp585",2066,14.1161763228849
"53","ACCESS-CM2","ssp585",2067,14.3475127416134
"54","ACCESS-CM2","ssp585",2068,13.4012845511878
"55","ACCESS-CM2","ssp585",2069,14.2583848279852
"56","ACCESS-CM2","ssp585",2070,15.2219737269382
"57","ACCESS-CM2","ssp585",2071,14.6568544314752
"58","ACCESS-CM2","ssp585",2072,15.1825335726967
"59","ACCESS-CM2","ssp585",2073,14.4700712108855
"60","ACCESS-CM2","ssp585",2074,14.2931308822174
"61","CanESM5","ssp245",2045,12.7528301826215
"62","CanESM5","ssp245",2046,14.0761301633365
"63","CanESM5","ssp245",2047,13.0767208103569
"64","CanESM5","ssp245",2048,13.1214955161956
"65","CanESM5","ssp245",2049,13.384956861977
"66","CanESM5","ssp245",2050,13.7776256990914
"67","CanESM5","ssp245",2051,13.8109996535145
"68","CanESM5","ssp245",2052,12.368197645807
"69","CanESM5","ssp245",2053,13.4754921436377
"70","CanESM5","ssp245",2054,14.0402259230533
"71","CanESM5","ssp245",2055,14.1048226735325
"72","CanESM5","ssp245",2056,13.5376788326718
"73","CanESM5","ssp245",2057,13.2116002042515
"74","CanESM5","ssp245",2058,13.5307532340294
"75","CanESM5","ssp245",2059,12.7341727330702
"76","CanESM5","ssp245",2060,13.8226173573679
"77","CanESM5","ssp245",2061,13.9745626085869
"78","CanESM5","ssp245",2062,14.0019108106427
"79","CanESM5","ssp245",2063,13.3427884877756
"80","CanESM5","ssp245",2064,14.1066985938499
"81","CanESM5","ssp245",2065,14.266465829815
"82","CanESM5","ssp245",2066,12.607012405091
"83","CanESM5","ssp245",2067,14.1963852416645
"84","CanESM5","ssp245",2068,13.9471062013275
"85","CanESM5","ssp245",2069,13.337593618543
"86","CanESM5","ssp245",2070,13.6890354939078
"87","CanESM5","ssp245",2071,14.9721907736858
"88","CanESM5","ssp245",2072,14.6695542407073
"89","CanESM5","ssp245",2073,14.5746874435702
"90","CanESM5","ssp245",2074,14.3840752178426
"91","CanESM5","ssp585",2045,13.4928826520255
"92","CanESM5","ssp585",2046,13.7479520199239
"93","CanESM5","ssp585",2047,13.2460068236957
"94","CanESM5","ssp585",2048,14.2097532250544
"95","CanESM5","ssp585",2049,15.1102982830546
"96","CanESM5","ssp585",2050,14.2066610899082
"97","CanESM5","ssp585",2051,14.3569489481299
"98","CanESM5","ssp585",2052,14.3616917757364
"99","CanESM5","ssp585",2053,14.4595631173078
"100","CanESM5","ssp585",2054,14.2458163622112
"101","CanESM5","ssp585",2055,13.1409852677727
"102","CanESM5","ssp585",2056,14.5350730359745
"103","CanESM5","ssp585",2057,14.8037683677859
"104","CanESM5","ssp585",2058,15.8347630848099
"105","CanESM5","ssp585",2059,15.2618188494317
"106","CanESM5","ssp585",2060,15.3803878205385
"107","CanESM5","ssp585",2061,15.2637340220542
"108","CanESM5","ssp585",2062,15.8382943245428
"109","CanESM5","ssp585",2063,14.9096655251485
"110","CanESM5","ssp585",2064,15.859823869277
"111","CanESM5","ssp585",2065,16.9928962595123
"112","CanESM5","ssp585",2066,15.1339335942523
"113","CanESM5","ssp585",2067,16.1752802943226
"114","CanESM5","ssp585",2068,16.7852418666601
"115","CanESM5","ssp585",2069,15.6972585008705
"116","CanESM5","ssp585",2070,16.133797954269
"117","CanESM5","ssp585",2071,16.130023529555
"118","CanESM5","ssp585",2072,17.1113309220772
"119","CanESM5","ssp585",2073,16.8635604093675
"120","CanESM5","ssp585",2074,16.9533758611207
"121","IPSL-CM6A-LR","ssp245",2045,12.6022545201812
"122","IPSL-CM6A-LR","ssp245",2046,12.7216767434232
"123","IPSL-CM6A-LR","ssp245",2047,12.3734379059554
"124","IPSL-CM6A-LR","ssp245",2048,11.1643926651837
"125","IPSL-CM6A-LR","ssp245",2049,11.5296061137093
"126","IPSL-CM6A-LR","ssp245",2050,11.6286962841462
"127","IPSL-CM6A-LR","ssp245",2051,11.2428633908345
"128","IPSL-CM6A-LR","ssp245",2052,12.008428865958
"129","IPSL-CM6A-LR","ssp245",2053,11.1753751904289
"130","IPSL-CM6A-LR","ssp245",2054,11.6438172517102
"131","IPSL-CM6A-LR","ssp245",2055,12.6909437192011
"132","IPSL-CM6A-LR","ssp245",2056,12.384482215588
"133","IPSL-CM6A-LR","ssp245",2057,12.0477405684231
"134","IPSL-CM6A-LR","ssp245",2058,12.1943377566739
"135","IPSL-CM6A-LR","ssp245",2059,11.1651423209502
"136","IPSL-CM6A-LR","ssp245",2060,10.9347989367767
"137","IPSL-CM6A-LR","ssp245",2061,11.7685088489566
"138","IPSL-CM6A-LR","ssp245",2062,11.8365376050427
"139","IPSL-CM6A-LR","ssp245",2063,12.3207191773593
"140","IPSL-CM6A-LR","ssp245",2064,12.5241758188831
"141","IPSL-CM6A-LR","ssp245",2065,11.7822302764172
"142","IPSL-CM6A-LR","ssp245",2066,11.3047884303976
"143","IPSL-CM6A-LR","ssp245",2067,12.3671974575099
"144","IPSL-CM6A-LR","ssp245",2068,13.2437373890297
"145","IPSL-CM6A-LR","ssp245",2069,12.6355207996137
"146","IPSL-CM6A-LR","ssp245",2070,13.207891402845
"147","IPSL-CM6A-LR","ssp245",2071,12.020859921253
"148","IPSL-CM6A-LR","ssp245",2072,11.7438226390838
"149","IPSL-CM6A-LR","ssp245",2073,12.2209622652791
"150","IPSL-CM6A-LR","ssp245",2074,12.199460635116
"151","IPSL-CM6A-LR","ssp585",2045,11.2051306586911
"152","IPSL-CM6A-LR","ssp585",2046,11.6413309262575
"153","IPSL-CM6A-LR","ssp585",2047,11.3577438463053
"154","IPSL-CM6A-LR","ssp585",2048,12.3272851907569
"155","IPSL-CM6A-LR","ssp585",2049,11.5075212933846
"156","IPSL-CM6A-LR","ssp585",2050,13.2482688523124
"157","IPSL-CM6A-LR","ssp585",2051,11.4660309292311
"158","IPSL-CM6A-LR","ssp585",2052,12.6060247638547
"159","IPSL-CM6A-LR","ssp585",2053,12.4477230680858
"160","IPSL-CM6A-LR","ssp585",2054,13.8976654981432
"161","IPSL-CM6A-LR","ssp585",2055,12.757058404058
"162","IPSL-CM6A-LR","ssp585",2056,13.0267654255703
"163","IPSL-CM6A-LR","ssp585",2057,13.1233394462712
"164","IPSL-CM6A-LR","ssp585",2058,12.8932603476647
"165","IPSL-CM6A-LR","ssp585",2059,12.3927437114437
"166","IPSL-CM6A-LR","ssp585",2060,12.3498101351269
"167","IPSL-CM6A-LR","ssp585",2061,13.0526018139389
"168","IPSL-CM6A-LR","ssp585",2062,14.2204307169165
"169","IPSL-CM6A-LR","ssp585",2063,12.6333481884985
"170","IPSL-CM6A-LR","ssp585",2064,14.3720750285433
"171","IPSL-CM6A-LR","ssp585",2065,13.8125424627958
"172","IPSL-CM6A-LR","ssp585",2066,12.740740536229
"173","IPSL-CM6A-LR","ssp585",2067,15.1414006922017
"174","IPSL-CM6A-LR","ssp585",2068,13.3671458661322
"175","IPSL-CM6A-LR","ssp585",2069,13.6170288001479
"176","IPSL-CM6A-LR","ssp585",2070,14.7387946853099
"177","IPSL-CM6A-LR","ssp585",2071,14.0856591350958
"178","IPSL-CM6A-LR","ssp585",2072,14.1700756076777
"179","IPSL-CM6A-LR","ssp585",2073,15.1115967846899
"180","IPSL-CM6A-LR","ssp585",2074,14.2883366148551
"181","MPI-ESM1-2-LR","ssp245",2045,11.1660920471161
"182","MPI-ESM1-2-LR","ssp245",2046,9.42762200505405
"183","MPI-ESM1-2-LR","ssp245",2047,11.5437148854732
"184","MPI-ESM1-2-LR","ssp245",2048,9.96258278845351
"185","MPI-ESM1-2-LR","ssp245",2049,10.564880095893
"186","MPI-ESM1-2-LR","ssp245",2050,10.7425758677639
"187","MPI-ESM1-2-LR","ssp245",2051,12.0130927246101
"188","MPI-ESM1-2-LR","ssp245",2052,11.7709263031366
"189","MPI-ESM1-2-LR","ssp245",2053,9.90294481274108
"190","MPI-ESM1-2-LR","ssp245",2054,11.2192702915292
"191","MPI-ESM1-2-LR","ssp245",2055,11.1889602315174
"192","MPI-ESM1-2-LR","ssp245",2056,11.3216792218008
"193","MPI-ESM1-2-LR","ssp245",2057,10.8917860629783
"194","MPI-ESM1-2-LR","ssp245",2058,10.6004355340296
"195","MPI-ESM1-2-LR","ssp245",2059,10.7544676688818
"196","MPI-ESM1-2-LR","ssp245",2060,11.7868108821771
"197","MPI-ESM1-2-LR","ssp245",2061,11.770509697543
"198","MPI-ESM1-2-LR","ssp245",2062,11.7764691449255
"199","MPI-ESM1-2-LR","ssp245",2063,10.3795552942585
"200","MPI-ESM1-2-LR","ssp245",2064,12.0575538413773
"201","MPI-ESM1-2-LR","ssp245",2065,11.4242134304491
"202","MPI-ESM1-2-LR","ssp245",2066,11.0580549674898
"203","MPI-ESM1-2-LR","ssp245",2067,10.6463005129633
"204","MPI-ESM1-2-LR","ssp245",2068,10.6104822278465
"205","MPI-ESM1-2-LR","ssp245",2069,10.2428904944143
"206","MPI-ESM1-2-LR","ssp245",2070,11.6174559852693
"207","MPI-ESM1-2-LR","ssp245",2071,11.0211587034439
"208","MPI-ESM1-2-LR","ssp245",2072,10.9417530846762
"209","MPI-ESM1-2-LR","ssp245",2073,11.3342494662759
"210","MPI-ESM1-2-LR","ssp245",2074,12.1252597505422
"211","MPI-ESM1-2-LR","ssp585",2045,13.7772258242413
"212","MPI-ESM1-2-LR","ssp585",2046,10.8868142211796
"213","MPI-ESM1-2-LR","ssp585",2047,9.22006670530537
"214","MPI-ESM1-2-LR","ssp585",2048,9.94933809573263
"215","MPI-ESM1-2-LR","ssp585",2049,11.4458822061186
"216","MPI-ESM1-2-LR","ssp585",2050,10.3108705607192
"217","MPI-ESM1-2-LR","ssp585",2051,10.533818057577
"218","MPI-ESM1-2-LR","ssp585",2052,12.3016192620078
"219","MPI-ESM1-2-LR","ssp585",2053,11.0089353742504
"220","MPI-ESM1-2-LR","ssp585",2054,10.8482991444182
"221","MPI-ESM1-2-LR","ssp585",2055,11.5363639851139
"222","MPI-ESM1-2-LR","ssp585",2056,12.0444288578273
"223","MPI-ESM1-2-LR","ssp585",2057,10.8484048293375
"224","MPI-ESM1-2-LR","ssp585",2058,13.4750508357551
"225","MPI-ESM1-2-LR","ssp585",2059,11.1021490500318
"226","MPI-ESM1-2-LR","ssp585",2060,11.8426229962136
"227","MPI-ESM1-2-LR","ssp585",2061,10.9425442632885
"228","MPI-ESM1-2-LR","ssp585",2062,11.0632492131508
"229","MPI-ESM1-2-LR","ssp585",2063,11.90034339877
"230","MPI-ESM1-2-LR","ssp585",2064,10.9857768277302
"231","MPI-ESM1-2-LR","ssp585",2065,11.1557122007079
"232","MPI-ESM1-2-LR","ssp585",2066,11.6013580029879
"233","MPI-ESM1-2-LR","ssp585",2067,12.1224884029164
"234","MPI-ESM1-2-LR","ssp585",2068,12.5282566874837
"235","MPI-ESM1-2-LR","ssp585",2069,13.4153833816189
"236","MPI-ESM1-2-LR","ssp585",2070,12.6189212339665
"237","MPI-ESM1-2-LR","ssp585",2071,14.6450133086825
"238","MPI-ESM1-2-LR","ssp585",2072,13.5112339389171
"239","MPI-ESM1-2-LR","ssp585",2073,14.7521472449442
"240","MPI-ESM1-2-LR","ssp585",2074,12.6501664328998
"241","MRI-ESM2-0","ssp245",2045,11.5141986317036
"242","MRI-ESM2-0","ssp245",2046,11.985790845879
"243","MRI-ESM2-0","ssp245",2047,10.0957596950549
"244","MRI-ESM2-0","ssp245",2048,9.67043198553698
"245","MRI-ESM2-0","ssp245",2049,12.3437288489464
"246","MRI-ESM2-0","ssp245",2050,11.555194597068
"247","MRI-ESM2-0","ssp245",2051,11.1559257900779
"248","MRI-ESM2-0","ssp245",2052,11.6736797866453
"249","MRI-ESM2-0","ssp245",2053,11.2920339734364
"250","MRI-ESM2-0","ssp245",2054,11.0163977392869
"251","MRI-ESM2-0","ssp245",2055,11.8856650233446
"252","MRI-ESM2-0","ssp245",2056,13.0377685210794
"253","MRI-ESM2-0","ssp245",2057,11.6125847872334
"254","MRI-ESM2-0","ssp245",2058,12.6409787111004
"255","MRI-ESM2-0","ssp245",2059,10.6855516728691
"256","MRI-ESM2-0","ssp245",2060,10.9330796836507
"257","MRI-ESM2-0","ssp245",2061,11.6078104367713
"258","MRI-ESM2-0","ssp245",2062,11.7610497511629
"259","MRI-ESM2-0","ssp245",2063,12.8213659661833
"260","MRI-ESM2-0","ssp245",2064,12.1872494235042
"261","MRI-ESM2-0","ssp245",2065,10.436646191607
"262","MRI-ESM2-0","ssp245",2066,11.5346180199621
"263","MRI-ESM2-0","ssp245",2067,11.9012785835859
"264","MRI-ESM2-0","ssp245",2068,11.8777175305678
"265","MRI-ESM2-0","ssp245",2069,12.1962850216478
"266","MRI-ESM2-0","ssp245",2070,13.1236810073169
"267","MRI-ESM2-0","ssp245",2071,11.6467227139615
"268","MRI-ESM2-0","ssp245",2072,11.8390137720413
"269","MRI-ESM2-0","ssp245",2073,10.9712870974355
"270","MRI-ESM2-0","ssp245",2074,11.8627336021821
"271","MRI-ESM2-0","ssp585",2045,11.2313825322428
"272","MRI-ESM2-0","ssp585",2046,11.3267340314954
"273","MRI-ESM2-0","ssp585",2047,10.5393564553883
"274","MRI-ESM2-0","ssp585",2048,12.1769203845778
"275","MRI-ESM2-0","ssp585",2049,12.4134742707991
"276","MRI-ESM2-0","ssp585",2050,11.0992927212037
"277","MRI-ESM2-0","ssp585",2051,13.3452431135884
"278","MRI-ESM2-0","ssp585",2052,11.2111069451507
"279","MRI-ESM2-0","ssp585",2053,11.289493081741
"280","MRI-ESM2-0","ssp585",2054,11.4268175752563
"281","MRI-ESM2-0","ssp585",2055,12.128953539752
"282","MRI-ESM2-0","ssp585",2056,11.9038873842982
"283","MRI-ESM2-0","ssp585",2057,12.1918039758685
"284","MRI-ESM2-0","ssp585",2058,12.1575570726463
"285","MRI-ESM2-0","ssp585",2059,12.2490474120618
"286","MRI-ESM2-0","ssp585",2060,11.0490586005799
"287","MRI-ESM2-0","ssp585",2061,12.3903253563501
"288","MRI-ESM2-0","ssp585",2062,12.3999043069886
"289","MRI-ESM2-0","ssp585",2063,12.5908633077632
"290","MRI-ESM2-0","ssp585",2064,12.6891321743514
"291","MRI-ESM2-0","ssp585",2065,12.6014118060185
"292","MRI-ESM2-0","ssp585",2066,12.9164777303845
"293","MRI-ESM2-0","ssp585",2067,12.0933143460844
"294","MRI-ESM2-0","ssp585",2068,11.6786806975874
"295","MRI-ESM2-0","ssp585",2069,13.7336438457053
"296","MRI-ESM2-0","ssp585",2070,12.4727058165953
"297","MRI-ESM2-0","ssp585",2071,12.3259876594254
"298","MRI-ESM2-0","ssp585",2072,13.6702716327442
"299","MRI-ESM2-0","ssp585",2073,13.2253026524569
"300","MRI-ESM2-0","ssp585",2074,12.538444288161
