"","model","year","tmean_annual"
"1","ACCESS-CM2",1950,8.39863569707925
"2","ACCESS-CM2",1951,7.31359115491869
"3","ACCESS-CM2",1952,8.79010111341199
"4","ACCESS-CM2",1953,8.11831298916364
"5","ACCESS-CM2",1954,7.80308144611548
"6","ACCESS-CM2",1955,7.50344598952134
"7","ACCESS-CM2",1956,10.1187535902431
"8","ACCESS-CM2",1957,8.68935967303171
"9","ACCESS-CM2",1958,8.11581839774573
"10","ACCESS-CM2",1959,8.21766806558756
"11","ACCESS-CM2",1960,7.83425063236055
"12","ACCESS-CM2",1961,9.39093671229104
"13","ACCESS-CM2",1962,9.91840869977623
"14","ACCESS-CM2",1963,7.7187173094153
"15","ACCESS-CM2",1964,8.41211208184366
"16","ACCESS-CM2",1965,7.90247398448949
"17","ACCESS-CM2",1966,7.84628312781746
"18","ACCESS-CM2",1967,9.1124200523909
"19","ACCESS-CM2",1968,8.24646463736876
"20","ACCESS-CM2",1969,7.73000065056269
"21","ACCESS-CM2",1970,8.19486371827788
"22","ACCESS-CM2",1971,8.74866148110809
"23","ACCESS-CM2",1972,8.6163025255294
"24","ACCESS-CM2",1973,7.53836077989897
"25","ACCESS-CM2",1974,8.30387386556799
"26","ACCESS-CM2",1975,7.07966275930112
"27","ACCESS-CM2",1976,9.15667818503558
"28","ACCESS-CM2",1977,8.67656808669585
"29","ACCESS-CM2",1978,8.67022145699492
"30","ACCESS-CM2",1979,10.0233551096296
"31","ACCESS-CM2",1980,7.62331493886627
"32","ACCESS-CM2",1981,9.08562258878362
"33","ACCESS-CM2",1982,8.37059484975788
"34","ACCESS-CM2",1983,9.40568365044264
"35","ACCESS-CM2",1984,9.92943071288939
"36","ACCESS-CM2",1985,8.55697127723932
"37","ACCESS-CM2",1986,8.25029236345636
"38","ACCESS-CM2",1987,8.89977456226375
"39","ACCESS-CM2",1988,9.52903713508365
"40","ACCESS-CM2",1989,7.91224738423958
"41","ACCESS-CM2",1990,8.3531163728912
"42","ACCESS-CM2",1991,8.41136072632304
"43","ACCESS-CM2",1992,8.14467891218842
"44","ACCESS-CM2",1993,9.02839706323209
"45","ACCESS-CM2",1994,8.79953980538434
"46","ACCESS-CM2",1995,8.89102287662766
"47","ACCESS-CM2",1996,8.90752354779062
"48","ACCESS-CM2",1997,9.98125036256171
"49","ACCESS-CM2",1998,8.72490572844694
"50","ACCESS-CM2",1999,9.3986941670446
"51","ACCESS-CM2",2000,9.32309028171697
"52","ACCESS-CM2",2001,9.51230554907642
"53","ACCESS-CM2",2002,10.3581735561329
"54","ACCESS-CM2",2003,10.5770401234176
"55","ACCESS-CM2",2004,8.85004387532125
"56","ACCESS-CM2",2005,9.29180600774137
"57","ACCESS-CM2",2006,9.22960356436995
"58","ACCESS-CM2",2007,9.38207113919109
"59","ACCESS-CM2",2008,8.62444665129648
"60","ACCESS-CM2",2009,10.2120221840356
"61","ACCESS-CM2",2010,9.50922831425439
"62","ACCESS-CM2",2011,9.75590145232412
"63","ACCESS-CM2",2012,8.72174812696635
"64","ACCESS-CM2",2013,9.71384520713874
"65","ACCESS-CM2",2014,10.2030392802387
"66","CanESM5",1950,8.43805668880902
"67","CanESM5",1951,7.84355623614737
"68","CanESM5",1952,7.09055792073091
"69","CanESM5",1953,9.08208456263964
"70","CanESM5",1954,8.40098268169357
"71","CanESM5",1955,9.18387558916198
"72","CanESM5",1956,8.3234206248886
"73","CanESM5",1957,6.68684126851188
"74","CanESM5",1958,8.77139201063799
"75","CanESM5",1959,8.05600770101821
"76","CanESM5",1960,8.21123025934347
"77","CanESM5",1961,8.12674528608045
"78","CanESM5",1962,8.58761991999556
"79","CanESM5",1963,9.00209922176019
"80","CanESM5",1964,6.52239942239467
"81","CanESM5",1965,7.91221688911475
"82","CanESM5",1966,6.70868079285149
"83","CanESM5",1967,7.59944270833966
"84","CanESM5",1968,9.36096625487602
"85","CanESM5",1969,7.96691341297731
"86","CanESM5",1970,8.10255153613465
"87","CanESM5",1971,7.98567804197104
"88","CanESM5",1972,8.9017596599732
"89","CanESM5",1973,7.66399774137781
"90","CanESM5",1974,7.1412624698688
"91","CanESM5",1975,9.26001046427713
"92","CanESM5",1976,8.16884784926961
"93","CanESM5",1977,9.12832718320941
"94","CanESM5",1978,7.15054005981725
"95","CanESM5",1979,10.0836141097058
"96","CanESM5",1980,8.09284539346804
"97","CanESM5",1981,8.99174942968309
"98","CanESM5",1982,8.15536676231175
"99","CanESM5",1983,8.93376635583363
"100","CanESM5",1984,8.46831585704076
"101","CanESM5",1985,8.87229854421449
"102","CanESM5",1986,9.71938805562415
"103","CanESM5",1987,8.57166305866582
"104","CanESM5",1988,9.56424582338394
"105","CanESM5",1989,7.86091671896003
"106","CanESM5",1990,9.52776688028596
"107","CanESM5",1991,6.71823392062088
"108","CanESM5",1992,8.74868126482771
"109","CanESM5",1993,8.42928738915099
"110","CanESM5",1994,9.64472987723716
"111","CanESM5",1995,9.48496769759737
"112","CanESM5",1996,9.11049070661595
"113","CanESM5",1997,9.6503085875797
"114","CanESM5",1998,10.3874141868015
"115","CanESM5",1999,10.0863312314336
"116","CanESM5",2000,9.79583823335217
"117","CanESM5",2001,9.1322238909514
"118","CanESM5",2002,9.79511664893599
"119","CanESM5",2003,8.67669033072599
"120","CanESM5",2004,10.0310159584748
"121","CanESM5",2005,9.46801953258619
"122","CanESM5",2006,10.2054590816884
"123","CanESM5",2007,9.55994005120526
"124","CanESM5",2008,9.14318536839572
"125","CanESM5",2009,9.99204344341748
"126","CanESM5",2010,9.2520509321992
"127","CanESM5",2011,9.66785786836319
"128","CanESM5",2012,10.1752767679466
"129","CanESM5",2013,10.0487131253494
"130","CanESM5",2014,10.6472324344552
"131","IPSL-CM6A-LR",1950,8.53837357158262
"132","IPSL-CM6A-LR",1951,9.09513962819331
"133","IPSL-CM6A-LR",1952,7.46029199350478
"134","IPSL-CM6A-LR",1953,8.45904551044768
"135","IPSL-CM6A-LR",1954,8.38509767288911
"136","IPSL-CM6A-LR",1955,8.69002571783497
"137","IPSL-CM6A-LR",1956,8.17724911257632
"138","IPSL-CM6A-LR",1957,9.42811927007577
"139","IPSL-CM6A-LR",1958,7.56469851773125
"140","IPSL-CM6A-LR",1959,8.56748490158266
"141","IPSL-CM6A-LR",1960,7.95878589674247
"142","IPSL-CM6A-LR",1961,8.64645370363649
"143","IPSL-CM6A-LR",1962,8.15337073693638
"144","IPSL-CM6A-LR",1963,8.58680076220962
"145","IPSL-CM6A-LR",1964,9.05765640498293
"146","IPSL-CM6A-LR",1965,7.25468054278634
"147","IPSL-CM6A-LR",1966,8.80681758047088
"148","IPSL-CM6A-LR",1967,7.62580636397516
"149","IPSL-CM6A-LR",1968,7.942460752863
"150","IPSL-CM6A-LR",1969,8.79863102190855
"151","IPSL-CM6A-LR",1970,8.86429051931416
"152","IPSL-CM6A-LR",1971,8.61421166963197
"153","IPSL-CM6A-LR",1972,7.53181146545288
"154","IPSL-CM6A-LR",1973,9.77142805015191
"155","IPSL-CM6A-LR",1974,8.56205290030568
"156","IPSL-CM6A-LR",1975,9.413909686631
"157","IPSL-CM6A-LR",1976,8.97411451516987
"158","IPSL-CM6A-LR",1977,8.81955961946713
"159","IPSL-CM6A-LR",1978,8.23064183404949
"160","IPSL-CM6A-LR",1979,8.24600644905378
"161","IPSL-CM6A-LR",1980,6.92624423489106
"162","IPSL-CM6A-LR",1981,8.26314646922968
"163","IPSL-CM6A-LR",1982,8.55304620310278
"164","IPSL-CM6A-LR",1983,8.62364257818804
"165","IPSL-CM6A-LR",1984,8.97532219538166
"166","IPSL-CM6A-LR",1985,8.75807742198015
"167","IPSL-CM6A-LR",1986,10.2611898887852
"168","IPSL-CM6A-LR",1987,8.85598177856675
"169","IPSL-CM6A-LR",1988,8.76777954747589
"170","IPSL-CM6A-LR",1989,8.64871209895795
"171","IPSL-CM6A-LR",1990,9.96897126961623
"172","IPSL-CM6A-LR",1991,8.11800942529289
"173","IPSL-CM6A-LR",1992,9.48327573045925
"174","IPSL-CM6A-LR",1993,8.33466298206933
"175","IPSL-CM6A-LR",1994,7.84329458667642
"176","IPSL-CM6A-LR",1995,9.55344119838132
"177","IPSL-CM6A-LR",1996,10.2611475662868
"178","IPSL-CM6A-LR",1997,9.29362363890155
"179","IPSL-CM6A-LR",1998,9.20945399779519
"180","IPSL-CM6A-LR",1999,9.01118403517085
"181","IPSL-CM6A-LR",2000,9.54193723584838
"182","IPSL-CM6A-LR",2001,9.19742453156402
"183","IPSL-CM6A-LR",2002,8.38681930319824
"184","IPSL-CM6A-LR",2003,10.0444515897144
"185","IPSL-CM6A-LR",2004,10.9311857281023
"186","IPSL-CM6A-LR",2005,10.0998988829483
"187","IPSL-CM6A-LR",2006,8.65695150943399
"188","IPSL-CM6A-LR",2007,10.9000377787386
"189","IPSL-CM6A-LR",2008,8.95050489999994
"190","IPSL-CM6A-LR",2009,9.91205498980177
"191","IPSL-CM6A-LR",2010,10.225244073659
"192","IPSL-CM6A-LR",2011,9.87555750264262
"193","IPSL-CM6A-LR",2012,9.77430036435292
"194","IPSL-CM6A-LR",2013,8.91000021517353
"195","IPSL-CM6A-LR",2014,10.982346149714
"196","MPI-ESM1-2-LR",1950,9.05203938616156
"197","MPI-ESM1-2-LR",1951,8.80091030194909
"198","MPI-ESM1-2-LR",1952,8.50053772443783
"199","MPI-ESM1-2-LR",1953,7.44484014152646
"200","MPI-ESM1-2-LR",1954,8.63059916238263
"201","MPI-ESM1-2-LR",1955,8.4873032046369
"202","MPI-ESM1-2-LR",1956,9.21214470892889
"203","MPI-ESM1-2-LR",1957,8.42092269872253
"204","MPI-ESM1-2-LR",1958,10.2212924774498
"205","MPI-ESM1-2-LR",1959,8.66211395610322
"206","MPI-ESM1-2-LR",1960,8.67843191374538
"207","MPI-ESM1-2-LR",1961,7.97836654833261
"208","MPI-ESM1-2-LR",1962,7.9841914512165
"209","MPI-ESM1-2-LR",1963,8.74770462472594
"210","MPI-ESM1-2-LR",1964,8.61583877115988
"211","MPI-ESM1-2-LR",1965,8.78840898437376
"212","MPI-ESM1-2-LR",1966,7.8270233417434
"213","MPI-ESM1-2-LR",1967,8.25869808157632
"214","MPI-ESM1-2-LR",1968,9.84965037220229
"215","MPI-ESM1-2-LR",1969,7.71470155113252
"216","MPI-ESM1-2-LR",1970,6.8231211569722
"217","MPI-ESM1-2-LR",1971,8.55740677511728
"218","MPI-ESM1-2-LR",1972,7.461545792792
"219","MPI-ESM1-2-LR",1973,8.55549035889709
"220","MPI-ESM1-2-LR",1974,8.06687765290847
"221","MPI-ESM1-2-LR",1975,8.75309025127503
"222","MPI-ESM1-2-LR",1976,8.97586362319564
"223","MPI-ESM1-2-LR",1977,9.14982189696865
"224","MPI-ESM1-2-LR",1978,10.0138270342267
"225","MPI-ESM1-2-LR",1979,8.1762448360092
"226","MPI-ESM1-2-LR",1980,9.00915647078922
"227","MPI-ESM1-2-LR",1981,9.22890687160187
"228","MPI-ESM1-2-LR",1982,10.5142596352352
"229","MPI-ESM1-2-LR",1983,8.25522997067127
"230","MPI-ESM1-2-LR",1984,8.9087412918072
"231","MPI-ESM1-2-LR",1985,10.5470354298431
"232","MPI-ESM1-2-LR",1986,8.67736124356196
"233","MPI-ESM1-2-LR",1987,9.40671355567754
"234","MPI-ESM1-2-LR",1988,8.3918642730272
"235","MPI-ESM1-2-LR",1989,10.653002424055
"236","MPI-ESM1-2-LR",1990,8.85013937117002
"237","MPI-ESM1-2-LR",1991,8.3385964588605
"238","MPI-ESM1-2-LR",1992,8.81883575348066
"239","MPI-ESM1-2-LR",1993,8.75838077077195
"240","MPI-ESM1-2-LR",1994,10.1858823862119
"241","MPI-ESM1-2-LR",1995,8.94577026390825
"242","MPI-ESM1-2-LR",1996,9.91571307727889
"243","MPI-ESM1-2-LR",1997,8.15697635932682
"244","MPI-ESM1-2-LR",1998,8.21504701600989
"245","MPI-ESM1-2-LR",1999,9.57754898607019
"246","MPI-ESM1-2-LR",2000,8.19377861416869
"247","MPI-ESM1-2-LR",2001,9.19998293801412
"248","MPI-ESM1-2-LR",2002,9.27134524199257
"249","MPI-ESM1-2-LR",2003,8.48420427717095
"250","MPI-ESM1-2-LR",2004,10.0020561571212
"251","MPI-ESM1-2-LR",2005,9.98745666347918
"252","MPI-ESM1-2-LR",2006,11.0765645097672
"253","MPI-ESM1-2-LR",2007,9.40214277903242
"254","MPI-ESM1-2-LR",2008,9.74500554717806
"255","MPI-ESM1-2-LR",2009,8.81275403331205
"256","MPI-ESM1-2-LR",2010,8.99966382747938
"257","MPI-ESM1-2-LR",2011,10.1903616601502
"258","MPI-ESM1-2-LR",2012,9.07504001508714
"259","MPI-ESM1-2-LR",2013,8.46752293770693
"260","MPI-ESM1-2-LR",2014,9.74860951511491
"261","MRI-ESM2-0",1950,8.41014409433562
"262","MRI-ESM2-0",1951,9.48536027540409
"263","MRI-ESM2-0",1952,8.74981796031452
"264","MRI-ESM2-0",1953,10.1771113738005
"265","MRI-ESM2-0",1954,9.31529479422685
"266","MRI-ESM2-0",1955,9.04314231305321
"267","MRI-ESM2-0",1956,9.05531000966922
"268","MRI-ESM2-0",1957,10.2044594324704
"269","MRI-ESM2-0",1958,10.0001207560461
"270","MRI-ESM2-0",1959,7.79846216561825
"271","MRI-ESM2-0",1960,9.04695940061035
"272","MRI-ESM2-0",1961,9.34841465372926
"273","MRI-ESM2-0",1962,7.52019257354423
"274","MRI-ESM2-0",1963,7.89067796717397
"275","MRI-ESM2-0",1964,8.61523694003334
"276","MRI-ESM2-0",1965,7.89426046621205
"277","MRI-ESM2-0",1966,8.76568555993418
"278","MRI-ESM2-0",1967,9.06633976759473
"279","MRI-ESM2-0",1968,8.56297586244872
"280","MRI-ESM2-0",1969,9.08184336300285
"281","MRI-ESM2-0",1970,9.18410412828968
"282","MRI-ESM2-0",1971,9.18819497591798
"283","MRI-ESM2-0",1972,8.89971873981805
"284","MRI-ESM2-0",1973,9.26619064570559
"285","MRI-ESM2-0",1974,8.88844152605769
"286","MRI-ESM2-0",1975,8.13095885359125
"287","MRI-ESM2-0",1976,7.76486957633561
"288","MRI-ESM2-0",1977,10.3158795840875
"289","MRI-ESM2-0",1978,7.75930900471315
"290","MRI-ESM2-0",1979,8.52612233057542
"291","MRI-ESM2-0",1980,7.84609306931055
"292","MRI-ESM2-0",1981,9.13572874766449
"293","MRI-ESM2-0",1982,8.62377305154909
"294","MRI-ESM2-0",1983,9.09309133272044
"295","MRI-ESM2-0",1984,8.38481762037945
"296","MRI-ESM2-0",1985,8.57850980447475
"297","MRI-ESM2-0",1986,7.54001910726872
"298","MRI-ESM2-0",1987,7.74144639602531
"299","MRI-ESM2-0",1988,8.8775932321466
"300","MRI-ESM2-0",1989,7.97778278108179
"301","MRI-ESM2-0",1990,9.29628151346467
"302","MRI-ESM2-0",1991,7.89278268896812
"303","MRI-ESM2-0",1992,8.60310261335221
"304","MRI-ESM2-0",1993,8.66238055160255
"305","MRI-ESM2-0",1994,8.47208085530852
"306","MRI-ESM2-0",1995,8.99291077652829
"307","MRI-ESM2-0",1996,9.16724487046281
"308","MRI-ESM2-0",1997,8.50947520678718
"309","MRI-ESM2-0",1998,9.21411847520694
"310","MRI-ESM2-0",1999,9.13987349423927
"311","MRI-ESM2-0",2000,9.73557633010381
"312","MRI-ESM2-0",2001,8.20978676395348
"313","MRI-ESM2-0",2002,10.1572585925639
"314","MRI-ESM2-0",2003,8.95176605215157
"315","MRI-ESM2-0",2004,10.016345612858
"316","MRI-ESM2-0",2005,9.71548758990902
"317","MRI-ESM2-0",2006,9.78556717750901
"318","MRI-ESM2-0",2007,9.43665141956909
"319","MRI-ESM2-0",2008,8.77610022471201
"320","MRI-ESM2-0",2009,9.1633424989747
"321","MRI-ESM2-0",2010,9.80326211402263
"322","MRI-ESM2-0",2011,10.1427534784083
"323","MRI-ESM2-0",2012,9.70571441035883
"324","MRI-ESM2-0",2013,9.15052149369669
"325","MRI-ESM2-0",2014,10.827593178889
