ID,date,ppt_mm,tmean_C
1,1940-01-01,12.918785740269962,-10.978055535280337
1,1940-02-01,10.315699197852524,-2.3519909864036492
1,1940-03-01,36.87633592818102,2.5110946715287006
1,1940-04-01,58.290049783096876,7.647851894137144
1,1940-05-01,14.646164222484582,14.55185553893746
1,1940-06-01,69.67909148598295,20.89152381734557
1,1940-07-01,38.16021096037328,25.730334086546023
1,1940-08-01,29.603138485170856,22.132886309698872
1,1940-09-01,25.966092073821933,20.055257784057993
1,1940-10-01,30.835947758656445,13.38530502445895
1,1940-11-01,17.45339535572667,0.0060221184556150656
1,1940-12-01,22.558823880287154,-1.3259917673115955
1,1941-01-01,17.6824586668956,-3.338453294873598
1,1941-02-01,11.738340885625348,-2.5349130336114047
1,1941-03-01,22.69571689825084,0.8048709246616353
1,1941-04-01,83.52102904547829,9.169974168625073
1,1941-05-01,56.01373788814123,17.09746085513122
1,1941-06-01,97.76193424190065,19.355275164924006
1,1941-07-01,71.08389052943924,23.225744821170366
1,1941-08-01,36.72791980978608,23.009752814599025
1,1941-09-01,89.79261655651975,16.953671514180463
1,1941-10-01,49.89222891620142,10.016133738974684
1,1941-11-01,5.47552750674033,3.971849790356394
1,1941-12-01,17.57415316689562,-1.010185559831748
1,1942-01-01,4.587910421773485,-4.28226783369864
1,1942-02-01,25.459628719501712,-4.457879116431698
1,1942-03-01,37.09789603699763,1.9387681308885618
1,1942-04-01,98.88416616436122,10.912450338748068
1,1942-05-01,131.72753110194265,12.67363842739265
1,1942-06-01,108.56086899385876,18.73864312260263
1,1942-07-01,35.86986008724013,23.591901870930034
1,1942-08-01,44.43291758436302,22.337481847018996
1,1942-09-01,78.56194692637449,15.000533472282118
1,1942-10-01,19.64974508524149,10.566170529235562
1,1942-11-01,9.885074923636362,3.205007343157761
1,1942-12-01,4.637985072794589,-1.7023744227124895
1,1943-01-01,6.033910978720375,-5.4080378553107025
1,1943-02-01,4.305983137319776,1.321528676916587
1,1943-03-01,21.984818079671314,-1.3986530919150475
1,1943-04-01,52.91880784312901,11.064317631266661
1,1943-05-01,46.343227287864,12.226289486799384
1,1943-06-01,96.87936944305031,19.252839719388962
1,1943-07-01,59.62748135616028,24.3467058783445
1,1943-08-01,48.36658527563031,24.27849878380237
1,1943-09-01,22.23141029008297,16.23380198648763
1,1943-10-01,34.47541138214223,10.458093389543277
1,1943-11-01,4.617577275060782,2.3792605458585876
1,1943-12-01,2.0001990590029854,-1.3613683236034226
1,1944-01-01,39.84013824737104,-2.8122091430440497
1,1944-02-01,21.296230294541648,-4.119851732965931
1,1944-03-01,28.59665162991111,-2.061106816109729
1,1944-04-01,76.98267512154038,5.807785455647306
1,1944-05-01,95.97550997471735,16.234538502544204
1,1944-06-01,107.56017829530055,19.03314440534495
1,1944-07-01,96.46014266136696,21.88131400475621
1,1944-08-01,58.20850951479795,22.55603119995439
1,1944-09-01,15.191470283350512,16.823998310963425
1,1944-10-01,14.794148738719775,11.201685904929219
1,1944-11-01,38.52972852007154,2.2609061040633143
1,1944-12-01,8.200288358629782,-4.205387264119329
1,1945-01-01,12.530268733923918,-2.757865210214931
1,1945-02-01,14.703922864577983,-1.9843310288849847
1,1945-03-01,19.937831909774808,5.100897396800586
1,1945-04-01,53.569271237408195,6.418871472084234
1,1945-05-01,67.35803623742582,12.424750391079758
1,1945-06-01,120.63136299941183,15.676088385862766
1,1945-07-01,63.99134201406273,22.67921674452601
1,1945-08-01,78.57470973750195,22.163916457315693
1,1945-09-01,59.69121066898427,15.831852574094022
1,1945-10-01,5.004141829854378,11.36507408336147
1,1945-11-01,3.566955486081298,3.1416683810041293
1,1945-12-01,14.448334530502665,-6.114179719044797
1,1946-01-01,2.6789640601428184,-1.1870044786826033
1,1946-02-01,5.5159579789008495,0.5972377937632267
1,1946-03-01,54.65298777414939,6.5991811260585145
1,1946-04-01,19.965539378951032,12.39861463847857
1,1946-05-01,104.17850624318596,11.928598578212862
1,1946-06-01,58.83283766350247,20.101875704363767
1,1946-07-01,40.35152694854024,24.196471438672877
1,1946-08-01,51.0264257705769,21.452869156892046
1,1946-09-01,90.4941691840792,16.711716859684095
1,1946-10-01,100.95901574790604,8.57414002427745
1,1946-11-01,31.428598313757647,1.2971241952702584
1,1946-12-01,6.277397571320627,-0.7678897234487625
1,1947-01-01,14.530415265508095,-2.343209399384684
1,1947-02-01,4.374730162308117,-4.66876300896665
1,1947-03-01,9.302919272661931,-0.14380785827932008
1,1947-04-01,52.39638122788494,7.265098772557813
1,1947-05-01,65.01082999198056,12.747556598337443
1,1947-06-01,201.9809481004078,17.123759723217212
1,1947-07-01,36.307132746786685,22.78015979443066
1,1947-08-01,22.26936604049215,25.117855207017687
1,1947-09-01,40.52377523834099,17.979612132677044
1,1947-10-01,20.16287558296954,14.037400998692174
1,1947-11-01,42.72870003402589,-0.8583492243003835
1,1947-12-01,13.985820287098493,-2.1637451944345987
1,1948-01-01,5.114449816512117,-4.612482112054495
1,1948-02-01,13.442230029629439,-4.023268095327054
1,1948-03-01,15.952377377605794,-0.6708308299148621
1,1948-04-01,32.19313712683019,11.496322355779236
1,1948-05-01,43.13162677671034,14.82178947653333
1,1948-06-01,114.2723323261998,18.87220438323628
1,1948-07-01,76.27107321032842,23.12013186569995
1,1948-08-01,68.03441388692065,22.690347793321767
1,1948-09-01,40.46974286803716,19.140020796565146
1,1948-10-01,18.986178890789425,9.793513327037752
1,1948-11-01,25.088760025302918,1.1728761953601776
1,1948-12-01,23.87535942184163,-4.2230795494983315
1,1949-01-01,45.96852667621058,-12.228260741894289
1,1949-02-01,1.7551573140397334,-5.773836049316399
1,1949-03-01,72.72035720620562,1.3428562964763315
1,1949-04-01,39.24339148574417,9.397461601407084
1,1949-05-01,112.76780451784344,15.63762004368207
1,1949-06-01,86.26038290566422,19.95488870371301
1,1949-07-01,55.35824605737685,23.81207521916886
1,1949-08-01,59.37127127000111,22.614864776501648
1,1949-09-01,38.42413075167335,15.552113542248282
1,1949-10-01,51.95087751473421,9.408553938856446
1,1949-11-01,7.278402824196873,6.952269619526969
1,1949-12-01,10.195275093371219,-2.8196667068763404
1,1950-01-01,10.762461985479199,-8.733465161875909
1,1950-02-01,16.658358025429727,-1.2651078838065217
1,1950-03-01,29.017818894147858,-0.8065261638150073
1,1950-04-01,29.57914264985863,5.3585847119518135
1,1950-05-01,77.06113352418319,12.197327097048255
1,1950-06-01,50.3563143640778,19.36507968939501
1,1950-07-01,116.25797734406825,20.152667529417545
1,1950-08-01,89.90913764040288,19.99841731564261
1,1950-09-01,65.61970443714998,15.696131512971746
1,1950-10-01,16.368582809897514,12.551909636554713
1,1950-11-01,9.402124404116234,1.3908339046149916
1,1950-12-01,3.771865910379014,-1.5422444737736682
1,1951-01-01,4.8651564806938845,-4.854349967225113
1,1951-02-01,16.294537467479,-0.7257091853243056
1,1951-03-01,17.14556041052558,-1.6971687266720092
1,1951-04-01,55.64796436627262,5.97885928023479
1,1951-05-01,115.99428922206577,14.014226824597221
1,1951-06-01,134.34450119056507,15.922671471770578
1,1951-07-01,99.24648241354723,21.45648015016741
1,1951-08-01,85.03702098676668,21.175816064781344
1,1951-09-01,85.69626324025847,14.34541123553405
1,1951-10-01,36.51746335397415,9.028124011943834
1,1951-11-01,7.145212888948363,1.0791073211403082
1,1951-12-01,23.19156704207366,-6.530549940563248
1,1952-01-01,13.697447065427783,-3.8797419582706656
1,1952-02-01,20.714586673997115,-0.8810260300070578
1,1952-03-01,25.21324910845976,-1.378370536322862
1,1952-04-01,32.70207961976006,8.986011197430537
1,1952-05-01,102.95713409495569,14.125005365571566
1,1952-06-01,47.08969890118781,22.750397536910842
1,1952-07-01,32.46883161812133,23.577415003313813
1,1952-08-01,60.073225864033965,22.772935018837373
1,1952-09-01,14.42744373424897,18.63074930616595
1,1952-10-01,5.047242467566999,9.374131220363276
1,1952-11-01,22.089662710605946,0.2976497234359753
1,1952-12-01,10.421604094269354,-3.496650429236019
1,1953-01-01,10.76164002777093,-0.37382971082812533
1,1953-02-01,37.108734017220144,-2.037104601827592
1,1953-03-01,22.13169423051395,4.0181978710587245
1,1953-04-01,77.8193970148428,5.375510075028367
1,1953-05-01,59.64484515834795,12.991171756699035
1,1953-06-01,80.51035716990516,21.528212248570433
1,1953-07-01,72.49171960634008,23.307574517627373
1,1953-08-01,46.00568177906351,22.551500402697876
1,1953-09-01,5.867921205873105,18.14718692632943
1,1953-10-01,31.57291762130779,12.930965230845276
1,1953-11-01,24.057930872919712,4.301123512559139
1,1953-12-01,20.38122808877226,-2.1734947121444916
1,1954-01-01,0.5649836879766965,-4.51370328099547
1,1954-02-01,6.0941415558916,5.228981723171063
1,1954-03-01,37.8511056056295,-0.7788499115438913
1,1954-04-01,33.068938348383654,10.451604297881582
1,1954-05-01,58.21052779392018,12.631081887230145
1,1954-06-01,103.38379433578933,20.2934035089486
1,1954-07-01,29.798035396209865,25.61505376801557
1,1954-08-01,77.06774453164994,22.593041985543138
1,1954-09-01,40.447510115244135,18.423306925243377
1,1954-10-01,30.576784338514784,9.131383626672612
1,1954-11-01,4.324772186692118,5.560959347645024
1,1954-12-01,6.546663250643381,-0.3761189009479654
1,1955-01-01,11.006633666427108,-4.7742963266992176
1,1955-02-01,24.2228294166372,-6.544144626477166
1,1955-03-01,8.352998334068888,0.7469259407969673
1,1955-04-01,22.61621813000263,11.40425075059574
1,1955-05-01,97.23195687532093,16.34252744384124
1,1955-06-01,88.01934339013374,17.61276057836328
1,1955-07-01,32.02916919048034,25.53159258923941
1,1955-08-01,30.967522268898964,24.74839540565413
1,1955-09-01,54.95431300240526,18.034320717395786
1,1955-10-01,7.866513412368528,11.344027632865451
1,1955-11-01,9.734162566837881,-1.6011092817721684
1,1955-12-01,16.73147665416144,-5.665745917756073
1,1956-01-01,10.88761930252132,-5.014484063149276
1,1956-02-01,9.454401985399954,-4.603552611124016
1,1956-03-01,6.347504842403206,2.3954123322364604
1,1956-04-01,38.48353193133846,5.458756410057209
1,1956-05-01,45.74416230401835,15.366451650487132
1,1956-06-01,72.88407243006672,22.941153433759933
1,1956-07-01,55.648606016387554,22.6419736942864
1,1956-08-01,69.25969367835434,21.992960965992648
1,1956-09-01,7.154551557292377,17.72171387001399
1,1956-10-01,25.479408081014185,13.008066972843814
1,1956-11-01,27.212460051988163,1.6922688080955097
1,1956-12-01,4.54571716904738,0.33732901737063586
1,1957-01-01,4.695156482296248,-9.05032114063732
1,1957-02-01,2.2958017703604363,-0.24484574050605817
1,1957-03-01,33.529922022093096,1.1508253234808399
1,1957-04-01,70.05460715827806,6.317823910864795
1,1957-05-01,153.18196810679382,12.937638440447223
1,1957-06-01,87.39386757915766,18.708917386827782
1,1957-07-01,81.63198781455121,24.700493848683063
1,1957-08-01,62.28409041915444,22.956566756029375
1,1957-09-01,51.93673963206639,15.320096942974388
1,1957-10-01,50.56117724291291,9.325915011246948
1,1957-11-01,16.960547709880295,2.007588703361436
1,1957-12-01,6.890514242672188,1.431201891466367
1,1958-01-01,3.542447885425807,-1.8332184981930741
1,1958-02-01,24.222290292444004,-4.358323126330939
1,1958-03-01,30.12680673322398,-3.1136761236856594
1,1958-04-01,69.89330353603724,7.120393755161072
1,1958-05-01,69.80387168211426,16.60008428556207
1,1958-06-01,89.6081598538671,18.650305291582676
1,1958-07-01,149.70132199499142,20.759896480084656
1,1958-08-01,36.236766098282,23.024300229064927
1,1958-09-01,31.023027092045158,17.864876420451097
1,1958-10-01,4.524946361490675,11.255899343894002
1,1958-11-01,10.757455908200763,3.0492932042727543
1,1958-12-01,8.001890515074773,-2.753740796602526
1,1959-01-01,8.34854713823045,-4.641012661292925
1,1959-02-01,14.335525568196687,-4.7758937835824975
1,1959-03-01,38.134685393489555,2.8326938011252767
1,1959-04-01,29.683964886189443,7.96173247415649
1,1959-05-01,88.80040395566375,13.99577673278462
1,1959-06-01,84.06840289123548,21.992233823734587
1,1959-07-01,42.898267595419206,22.20239917500955
1,1959-08-01,55.53265830934592,23.83610371354208
1,1959-09-01,46.68372300200489,15.737656820337845
1,1959-10-01,48.7196746253495,7.832969129629338
1,1959-11-01,8.819082115507356,-0.8458217156164617
1,1959-12-01,3.513640310928663,0.591327923564975
1,1960-01-01,21.576587495073227,-5.953218144608494
1,1960-02-01,30.924902685511725,-7.454604994041158
1,1960-03-01,21.052719375393043,-2.4670244426520966
1,1960-04-01,64.56206583324214,9.026280769630771
1,1960-05-01,109.72228355502655,14.024127012331384
1,1960-06-01,69.53955766289218,18.966454049517235
1,1960-07-01,43.71907769958054,23.19269174180836
1,1960-08-01,62.39733539156187,22.59274478139291
1,1960-09-01,30.013102283324923,17.73850982440318
1,1960-10-01,13.607640298717362,11.198503159936173
1,1960-11-01,13.712549900329746,3.1925638779969012
1,1960-12-01,10.518774396977037,-3.326566924104922
1,1961-01-01,0.5803762787148523,-3.0391975421420416
1,1961-02-01,8.804745088600495,0.2784415394929301
1,1961-03-01,40.89520901423461,3.08823569967235
1,1961-04-01,32.71694249529411,5.71923721050866
1,1961-05-01,122.81885265321861,12.79544655960965
1,1961-06-01,53.58536218469694,20.219748805760346
1,1961-07-01,72.46371716137317,22.573560654078864
1,1961-08-01,47.382023783392,23.07010755256819
1,1961-09-01,64.3846336757079,14.409495836204671
1,1961-10-01,16.99507520671448,10.286062425429359
1,1961-11-01,9.760280894811254,1.56930750995698
1,1961-12-01,8.36237821491309,-4.786942167508849
1,1962-01-01,3.5848836072215824,-6.221639497523343
1,1962-02-01,23.868045346263276,-3.3495746680738714
1,1962-03-01,27.717835209163784,-1.4869118749763637
1,1962-04-01,19.534309364136437,9.618800568521308
1,1962-05-01,159.916238029128,16.427744494705248
1,1962-06-01,167.50168368524373,18.58887454321084
1,1962-07-01,139.85089239996375,21.56311797832038
1,1962-08-01,41.53494635358653,22.02185838460461
1,1962-09-01,29.26214374413561,15.81161313746428
1,1962-10-01,24.37606385678976,11.524296932731968
1,1962-11-01,2.093338679319124,4.771461102855048
1,1962-12-01,10.522525013102776,-1.7780678188894286
1,1963-01-01,19.982001092640324,-10.6828263224506
1,1963-02-01,5.7669001950524,-0.17914681533663612
1,1963-03-01,29.951826928760845,4.449916993315987
1,1963-04-01,35.261898803289036,9.656196491409167
1,1963-05-01,43.054244941329614,15.118484263463621
1,1963-06-01,95.83354363455996,21.727912826369348
1,1963-07-01,75.2821805678188,24.582816181177595
1,1963-08-01,79.73690025260008,22.479192669957847
1,1963-09-01,89.55818521670054,18.66923256068062
1,1963-10-01,17.783100351761284,14.8269249518207
1,1963-11-01,9.632280616559864,4.211005729899934
1,1963-12-01,5.702571187455717,-5.714560406294398
1,1964-01-01,1.657257120369342,-1.9256945875161053
1,1964-02-01,15.851605456343949,-3.1118671624147063
1,1964-03-01,26.984805645915003,-0.7737841113126835
1,1964-04-01,78.6285589954818,8.26648974464782
1,1964-05-01,46.468051736909445,15.922180466075805
1,1964-06-01,101.26145617501136,19.25432298379212
1,1964-07-01,68.90822693548172,24.794509861328873
1,1964-08-01,41.61629279186489,20.448295414497213
1,1964-09-01,39.93960465058652,16.325260383040657
1,1964-10-01,1.598624551015506,10.320566701005763
1,1964-11-01,3.697322367204647,2.093289286203075
1,1964-12-01,9.814573400548717,-4.521828251943645
1,1965-01-01,11.108880286392097,-2.4645591440270795
1,1965-02-01,12.137289747006756,-3.6833153527713014
1,1965-03-01,7.546072156843907,-4.605938014187892
1,1965-04-01,33.968325667398446,9.854538752223887
1,1965-05-01,111.67819050395225,14.972323074108813
1,1965-06-01,128.3017257509024,19.141309458147532
1,1965-07-01,96.6758122727596,22.601567299220324
1,1965-08-01,55.05640445969711,21.14204523910763
1,1965-09-01,109.41293564876352,11.464575897503664
1,1965-10-01,31.358358636032996,12.003710547962145
1,1965-11-01,3.5672925090258185,4.029430381955788
1,1965-12-01,19.59095741379553,-0.7500061178304412
1,1966-01-01,12.384353600650456,-8.53210463047952
1,1966-02-01,12.231425489547549,-6.2471880175838495
1,1966-03-01,21.072478574384252,3.4128774072638186
1,1966-04-01,38.06206470212113,6.008377945683497
1,1966-05-01,16.282038431454982,14.836906139910598
1,1966-06-01,110.06342960913513,19.708134744784964
1,1966-07-01,82.29605634719415,25.373015025916402
1,1966-08-01,93.33314757364278,19.973281575066622
1,1966-09-01,61.18614126642604,16.468299096086128
1,1966-10-01,17.02455903655245,10.177831837245702
1,1966-11-01,4.613944706779752,2.5057963537253536
1,1966-12-01,12.230889683175805,-3.4829962934813548
1,1967-01-01,7.754051430501571,-2.721477317399525
1,1967-02-01,2.892461706895296,-1.5449370355837198
1,1967-03-01,8.499978160093823,4.524916169522799
1,1967-04-01,31.66128392967028,9.286976938851478
1,1967-05-01,80.76840865747137,11.348247978678712
1,1967-06-01,169.11172518889646,17.655679855947835
1,1967-07-01,59.79045839655158,21.824740614191022
1,1967-08-01,34.575602723380655,20.979592635745593
1,1967-09-01,33.44117804716609,16.621157266502387
1,1967-10-01,17.360823624035834,10.420942154384168
1,1967-11-01,7.748093717428974,1.6992295508823754
1,1967-12-01,13.901058059124924,-5.1028390577362135
1,1968-01-01,5.715022666804672,-5.041028441201591
1,1968-02-01,7.547803699953722,-2.206515448803157
1,1968-03-01,8.090124685064943,4.980036175181796
1,1968-04-01,77.76823781081758,7.442656697902611
1,1968-05-01,61.89770833121696,11.650383194144796
1,1968-06-01,85.10489158746415,20.390188134372433
1,1968-07-01,50.98667929598984,22.41077961551243
1,1968-08-01,116.13015508823136,21.72542735546177
1,1968-09-01,19.700438490090665,16.017869165730076
1,1968-10-01,38.09059054949754,11.168718532860717
1,1968-11-01,12.024557916373903,2.0066008683163252
1,1968-12-01,22.867241361505634,-6.600048699298546
1,1969-01-01,17.111908489345446,-8.939938486693526
1,1969-02-01,19.768728504597412,-3.833872174372938
1,1969-03-01,8.853834938666832,-2.543453810703039
1,1969-04-01,19.667527774898435,10.49457693983251
1,1969-05-01,54.66987226284224,15.73325315838794
1,1969-06-01,80.82311531216628,16.921210104700002
1,1969-07-01,96.96244651176406,23.102532473525383
1,1969-08-01,39.85410671798366,23.518714129084344
1,1969-09-01,30.96868176733173,18.713107592366764
1,1969-10-01,68.67376994374806,6.021715795397262
1,1969-11-01,7.542771080695783,3.796156939532105
1,1969-12-01,8.031800386270143,-2.13021989602401
1,1970-01-01,5.616282280617913,-6.426569283123943
1,1970-02-01,4.565072989378121,0.22070777911293282
1,1970-03-01,23.24839453239747,-0.9855723443284967
1,1970-04-01,74.93426728083816,6.687007783558064
1,1970-05-01,48.75049597128764,16.099824374111652
1,1970-06-01,88.83656587250077,19.89673165428662
1,1970-07-01,50.873088174344794,23.557885833626333
1,1970-08-01,21.017266249373204,23.838431607500315
1,1970-09-01,38.24199472411008,16.35487139524924
1,1970-10-01,30.81585291139258,7.823126440783837
1,1970-11-01,16.705711915310367,2.0243382189265344
1,1970-12-01,8.611476364569397,-3.7003286259919923
1,1971-01-01,9.314408067678702,-5.820499582847028
1,1971-02-01,33.736395907593206,-4.579517499761841
1,1971-03-01,24.628844607096983,1.0117302112423379
1,1971-04-01,90.95735142934316,8.795982719423494
1,1971-05-01,89.29232903676427,12.746872320272725
1,1971-06-01,75.94561594719738,21.243263102777433
1,1971-07-01,66.47991455421891,21.070203381939947
1,1971-08-01,37.45239894878558,22.962383444809547
1,1971-09-01,49.89002766871535,15.641537649182606
1,1971-10-01,54.69078160993353,9.991773214859634
1,1971-11-01,22.831735130169765,3.0649017194769583
1,1971-12-01,8.781199327746556,-2.7103495877735724
1,1972-01-01,5.409175279821375,-6.542411975976598
1,1972-02-01,2.2479756712682595,-1.516008641436518
1,1972-03-01,11.834262647779012,4.718822172408553
1,1972-04-01,53.208941106608826,7.8320841395067315
1,1972-05-01,94.12311920026765,14.231020037034355
1,1972-06-01,86.26079876461782,20.037743548118232
1,1972-07-01,112.04204333840403,21.23002754603758
1,1972-08-01,30.988243028146556,21.333299878884787
1,1972-09-01,39.44297237491197,16.419025113709825
1,1972-10-01,16.32646502781415,8.556949535324524
1,1972-11-01,45.67914680805798,-0.8160011433597932
1,1972-12-01,14.566444016570838,-7.186422240447361
1,1973-01-01,16.065411666825803,-5.09268450947931
1,1973-02-01,6.02350787850151,-1.2500042055756944
1,1973-03-01,68.14739314620583,4.312035041188938
1,1973-04-01,55.54795767689451,7.402125870881572
1,1973-05-01,99.70782693763252,12.993227592449282
1,1973-06-01,37.49679292853375,19.997892559579896
1,1973-07-01,82.21949846216555,22.77006937965096
1,1973-08-01,34.21964443497874,23.610206265458746
1,1973-09-01,144.7373538218975,14.8281522209815
1,1973-10-01,29.07880064542707,11.54884545777363
1,1973-11-01,22.842516991127752,1.9551800747157622
1,1973-12-01,21.19734974424268,-3.6900648713803994
1,1974-01-01,10.788670175471694,-7.107311368746621
1,1974-02-01,7.584032622628175,0.13681255783613155
1,1974-03-01,15.278814228654715,4.190699950944037
1,1974-04-01,52.48776196708372,9.331323644882211
1,1974-05-01,60.55262813351907,14.78679500761236
1,1974-06-01,74.74402987591242,19.40371145291127
1,1974-07-01,27.300547696557388,25.361258881969416
1,1974-08-01,64.86284629013917,19.99347619796808
1,1974-09-01,15.946209838583549,14.68598522453108
1,1974-10-01,18.853042039219993,11.563521148949528
1,1974-11-01,3.9622145422963926,2.6302635976547752
1,1974-12-01,7.276422176336116,-2.5471300592170696
1,1975-01-01,10.81047359375073,-3.5925395672974543
1,1975-02-01,7.921711086798403,-5.436529701442269
1,1975-03-01,36.18402433355845,-0.8068808770001009
1,1975-04-01,45.20778743858849,6.751970185935594
1,1975-05-01,60.02078049111045,14.197529568670863
1,1975-06-01,121.22744269736172,18.465799324809762
1,1975-07-01,55.811919585426175,23.706757838402403
1,1975-08-01,38.16030934623571,22.493148978784134
1,1975-09-01,12.626352778976043,15.288874382006389
1,1975-10-01,10.366173900818257,11.08004669698853
1,1975-11-01,36.22976007005397,0.6121603828537638
1,1975-12-01,8.14548327265638,-2.1754573882725623
1,1976-01-01,22.06727841746126,-5.6226781758610755
1,1976-02-01,6.556822507510642,1.905008382104451
1,1976-03-01,18.252770793019376,2.1272323346942223
1,1976-04-01,74.70688222474315,9.56892469834319
1,1976-05-01,63.06971825411663,13.515511004938617
1,1976-06-01,42.26591978845646,19.72131030256984
1,1976-07-01,75.76963539534836,23.547847963480258
1,1976-08-01,42.57156234912073,22.513675958634998
1,1976-09-01,34.49284102912107,16.89339837244871
1,1976-10-01,16.738215923309326,7.578053723589177
1,1976-11-01,3.714831351904276,-0.39873985784337307
1,1976-12-01,4.098292508316128,-2.052776983321383
1,1977-01-01,5.311426599875377,-8.672157459638683
1,1977-02-01,13.640061935923507,0.8831568015911478
1,1977-03-01,90.128748756369,2.151150226510646
1,1977-04-01,91.15308413348718,10.763701089284744
1,1977-05-01,135.00892888692186,17.217224469658156
1,1977-06-01,78.74030718752007,21.613897651606976
1,1977-07-01,84.64452611803554,23.680201009719244
1,1977-08-01,96.34863696257838,20.246258084141882
1,1977-09-01,35.73520457616099,17.696531109629248
1,1977-10-01,37.275589737010506,10.403281387980877
1,1977-11-01,20.732504282532854,2.1067302610981598
1,1977-12-01,15.541023217086037,-3.8641901214642935
1,1978-01-01,9.806481886872367,-10.996761657138986
1,1978-02-01,29.801241906598296,-9.303926616734092
1,1978-03-01,12.121209022515576,1.5733782862575023
1,1978-04-01,80.94203896030805,8.442547543720519
1,1978-05-01,98.32317940793976,13.975192813013743
1,1978-06-01,51.014484128669764,20.059657011171844
1,1978-07-01,97.66936382813694,22.928578366487073
1,1978-08-01,66.90384185343844,21.2681688398889
1,1978-09-01,14.034477732871567,18.7797064503023
1,1978-10-01,10.940178597602953,10.09433196571146
1,1978-11-01,18.444509547884596,0.2604899211115218
1,1978-12-01,22.985964605549167,-8.523658132961776
1,1979-01-01,18.77469975387389,-13.938155488807052
1,1979-02-01,2.2622380436142584,-7.725790808073624
1,1979-03-01,48.63592507307233,1.9457755941966535
1,1979-04-01,46.21660133036979,8.26764844325423
1,1979-05-01,72.1403859512628,12.842785795980115
1,1979-06-01,102.38405833772981,19.113361142437732
1,1979-07-01,93.32257281095887,22.284418800043934
1,1979-08-01,58.155818136614336,21.071983026278286
1,1979-09-01,40.33912274927775,18.594061991507292
1,1979-10-01,42.10631543719255,10.658496765461544
1,1979-11-01,43.24342631924575,-0.9713329174553601
1,1979-12-01,3.275062482467955,0.4216837355601639
1,1980-01-01,9.347145702023541,-5.307815292377932
1,1980-02-01,19.961886384719765,-3.4540913965216293
1,1980-03-01,47.51946637483445,0.118952728763481
1,1980-04-01,23.336419686382676,8.800249797255745
1,1980-05-01,60.88518167906534,14.385713422235808
1,1980-06-01,57.497202951538284,21.05464269286332
1,1980-07-01,31.714655222271798,25.0728048942087
1,1980-08-01,82.39408205647767,22.476108880078613
1,1980-09-01,10.789733760621175,17.812085721978562
1,1980-10-01,29.39982387971455,9.56405352886982
1,1980-11-01,3.147318219431989,4.006724544872656
1,1980-12-01,5.327559301578199,-0.3562433125508287
1,1981-01-01,2.4180674606882513,-0.7388684333121612
1,1981-02-01,9.081778264718064,-1.8964551605051485
1,1981-03-01,34.14851093786583,4.279870258631338
1,1981-04-01,27.938863417045162,12.523564314163275
1,1981-05-01,104.26584846300376,12.596382411896672
1,1981-06-01,55.56514236180213,20.205266374562157
1,1981-07-01,126.92316863693073,22.708570896409178
1,1981-08-01,71.11123664872831,21.281763252910075
1,1981-09-01,18.928053080590608,17.454840471047795
1,1981-10-01,40.623957435432615,9.219399105227048
1,1981-11-01,25.791873105659057,4.9571710945922485
1,1981-12-01,24.30160657905378,-3.13982099403422
1,1982-01-01,12.268717442258783,-9.788633301998356
1,1982-02-01,2.027624549819467,-3.2752105491676247
1,1982-03-01,24.205507035343796,1.7606901560727328
1,1982-04-01,33.54412995144136,6.497910731333786
1,1982-05-01,140.6871410630373,13.808961948703784
1,1982-06-01,73.3788844133101,16.600240493301932
1,1982-07-01,47.312496292350446,23.321429369955194
1,1982-08-01,76.14204865198043,22.513572266789346
1,1982-09-01,36.49134034717592,16.204189592677317
1,1982-10-01,69.51227588484805,9.13881962412064
1,1982-11-01,38.317921513248336,0.41642357512691613
1,1982-12-01,26.376040933011506,-1.5925698820970158
1,1983-01-01,6.614390930617929,-1.8755704506136148
1,1983-02-01,2.2778777992631682,0.8158496370815785
1,1983-03-01,63.5186474936954,1.8523984814022845
1,1983-04-01,36.07990544007761,4.990511986772309
1,1983-05-01,126.49096431210133,11.510562056957223
1,1983-06-01,140.24726516685627,18.15316645111008
1,1983-07-01,79.35805056969777,23.60254606331849
1,1983-08-01,35.81072573309799,25.066715864308605
1,1983-09-01,16.491672098719054,17.499447870294073
1,1983-10-01,23.463673763259262,10.456021229535933
1,1983-11-01,46.0363190713957,2.5199827012070997
1,1983-12-01,15.765547700174759,-13.751646217734283
1,1984-01-01,6.197980090819261,-5.112209808308997
1,1984-02-01,25.73690266407494,0.5008797579335689
1,1984-03-01,21.94573346666115,0.5678405022480585
1,1984-04-01,105.21705573337513,5.722896872813905
1,1984-05-01,54.44648878410248,13.424870141936108
1,1984-06-01,88.03935194977889,19.651961400688833
1,1984-07-01,78.31034498502018,22.799040884282135
1,1984-08-01,37.078440132014656,23.515735157952644
1,1984-09-01,17.318259049819666,14.70785859582303
1,1984-10-01,49.137723779822856,8.602183156492044
1,1984-11-01,33.19541939932352,2.674805763250955
1,1984-12-01,11.678711638386112,-4.5076996868804295
1,1985-01-01,9.396874747224867,-7.189511265779752
1,1985-02-01,1.464615703956975,-5.4758092146207265
1,1985-03-01,13.780148464198854,4.190189585423391
1,1985-04-01,48.763657178343436,10.575154768026502
1,1985-05-01,69.68274895011719,16.254894061480098
1,1985-06-01,41.56467404311494,18.050239454885862
1,1985-07-01,85.00453627725852,23.421485229061886
1,1985-08-01,51.20171387287228,20.45850027546819
1,1985-09-01,75.56734146358615,15.018871598722251
1,1985-10-01,21.16251367134454,8.919806343565874
1,1985-11-01,28.13305335800287,-5.337244657248099
1,1985-12-01,12.314978983246078,-7.596893916579609
1,1986-01-01,1.2103701969648915,-0.6614058912084203
1,1986-02-01,25.235409731228188,-3.3815821345286823
1,1986-03-01,30.081296914185067,5.975439874645371
1,1986-04-01,87.15967514886034,8.353369480409393
1,1986-05-01,80.94257812352343,13.888323572679294
1,1986-06-01,91.03498702066452,21.21421362202175
1,1986-07-01,71.83678934077791,23.41953967334093
1,1986-08-01,61.81921013000742,20.826344638494362
1,1986-09-01,90.35078301401967,15.726189583284551
1,1986-10-01,46.464678528363635,9.59385061039923
1,1986-11-01,11.000875855006413,0.932520087144816
1,1986-12-01,2.9011918725798775,-1.1333818610916662
1,1987-01-01,2.0162778544560767,-1.7432469698830384
1,1987-02-01,38.594718006588586,1.3880924062763758
1,1987-03-01,83.37448961575927,0.8250373618186284
1,1987-04-01,23.944700878893357,10.414578602595455
1,1987-05-01,96.7176602727181,16.753644708839612
1,1987-06-01,59.66789519816509,20.999979426790283
1,1987-07-01,68.73345783582724,23.657068572124793
1,1987-08-01,57.72170195027155,20.77728270324251
1,1987-09-01,59.701809738365775,15.827998539674399
1,1987-10-01,10.358297212474245,8.32265563257695
1,1987-11-01,33.70302266431248,3.8040372255529373
1,1987-12-01,28.50579540130331,-2.293177878705052
1,1988-01-01,28.589013834503376,-8.897448309027496
1,1988-02-01,6.404727392888439,-4.2035346205537305
1,1988-03-01,14.332035650898135,2.52306674622288
1,1988-04-01,52.64059772575834,8.049640417955905
1,1988-05-01,137.2858649990257,15.452849212785702
1,1988-06-01,54.248463628303185,23.28770196137917
1,1988-07-01,83.31609125324515,22.775600765039492
1,1988-08-01,60.63362129254631,22.664724359467503
1,1988-09-01,64.88490710998072,16.57845282060256
1,1988-10-01,2.9340492084935748,9.057383899699266
1,1988-11-01,11.314470830409567,3.2807098600723914
1,1988-12-01,4.183994192010053,-1.1965333702654875
1,1989-01-01,9.088698646165145,-0.9005994346339896
1,1989-02-01,12.129533317031727,-8.699950375872005
1,1989-03-01,16.50844733260905,0.5477307414854342
1,1989-04-01,8.35641497816036,9.498168544542548
1,1989-05-01,41.353104775670786,14.309603103656674
1,1989-06-01,61.99745619122302,17.949356659690675
1,1989-07-01,37.2575570965525,23.634819480573274
1,1989-08-01,52.492521135721866,22.084740614739445
1,1989-09-01,49.343017144133384,15.684619481964994
1,1989-10-01,8.926324303688556,10.347188763437856
1,1989-11-01,1.248408072063291,2.7662130113065806
1,1989-12-01,9.750147360413278,-6.776515388409689
1,1990-01-01,9.340841858827437,-0.05476831880625616
1,1990-02-01,4.771270114136111,-1.7429011030555535
1,1990-03-01,44.29304478871805,3.112508300954476
1,1990-04-01,43.723842936983345,8.294542838896323
1,1990-05-01,97.44993833141645,12.722556045116688
1,1990-06-01,61.88303148229075,20.932698270119072
1,1990-07-01,57.81175253395897,21.99770770337919
1,1990-08-01,58.7508924574958,22.32953991783169
1,1990-09-01,19.922073533003214,19.133209641414147
1,1990-10-01,30.81720320849506,9.880951260478907
1,1990-11-01,30.640623457826887,3.8466703500871637
1,1990-12-01,6.341150677358719,-6.692843836250967
1,1991-01-01,5.328002213443035,-6.5302795489782595
1,1991-02-01,10.752333152679636,2.1769066538423925
1,1991-03-01,26.14091816052621,3.6595274051448006
1,1991-04-01,50.862694503261054,8.835025304188413
1,1991-05-01,131.33023971966819,15.089543431445257
1,1991-06-01,93.07593084456052,21.228715122487625
1,1991-07-01,35.551701406434674,22.91762810713156
1,1991-08-01,34.96903428129689,22.672392854909397
1,1991-09-01,45.816523366584896,17.06255511668034
1,1991-10-01,41.08497927325313,9.187710144653622
1,1991-11-01,29.536595242966722,-0.999010000054547
1,1991-12-01,3.378817527060853,-0.4414498415184132
1,1992-01-01,19.19829804534112,-0.5640876675226163
1,1992-02-01,21.998413598633142,2.320667235140049
1,1992-03-01,65.17684217405024,4.870042530185843
1,1992-04-01,12.931630900342865,8.442060403214793
1,1992-05-01,29.37365082057092,15.123717049653274
1,1992-06-01,112.18814353637015,17.792490193222257
1,1992-07-01,102.09518775802844,19.292817049076596
1,1992-08-01,105.77535499338647,18.97409377758563
1,1992-09-01,29.03214181019473,16.55232509315623
1,1992-10-01,25.492614578007675,10.016087279189247
1,1992-11-01,15.453621777046138,-0.2335197787332757
1,1992-12-01,7.147352778011096,-5.884393424792685
1,1993-01-01,16.00348631242123,-8.09433353240562
1,1993-02-01,29.62694662145273,-7.675847475259118
1,1993-03-01,24.031951354358736,2.072417567884985
1,1993-04-01,71.14495826828798,6.655384057656422
1,1993-05-01,71.38930827397348,13.94740680623918
1,1993-06-01,118.9513073310293,17.422160080331498
1,1993-07-01,133.7365161504476,20.54572449437088
1,1993-08-01,72.74492816751004,20.77279889890097
1,1993-09-01,58.961199074646075,13.552235092350807
1,1993-10-01,44.005144336522164,8.822145846327064
1,1993-11-01,27.46303181072144,-0.8846583206864692
1,1993-12-01,9.341190757855571,-1.2926481102655278
1,1994-01-01,14.787444848199684,-5.611909863020741
1,1994-02-01,12.43585900071248,-6.727303336066807
1,1994-03-01,6.140150951732344,4.054310395304306
1,1994-04-01,46.819124697847975,8.188174287027694
1,1994-05-01,31.567968743461226,16.080167480091188
1,1994-06-01,93.95492890937788,20.655573824607522
1,1994-07-01,121.96561927679367,21.020401891107756
1,1994-08-01,36.87113075873348,21.9234555608039
1,1994-09-01,31.18127894025822,17.456909036781358
1,1994-10-01,61.735885846868484,10.53681829972989
1,1994-11-01,18.12949932059897,2.3202810045728146
1,1994-12-01,17.657731550847814,-1.2891518439600516
1,1995-01-01,4.130366599375107,-3.9351118833675227
1,1995-02-01,10.032403651203614,0.7460882288740217
1,1995-03-01,43.07997512738283,1.8798875635521175
1,1995-04-01,84.91157950753856,5.067344170892822
1,1995-05-01,162.05053051987306,10.623927518745992
1,1995-06-01,90.85729558355138,18.262337324729362
1,1995-07-01,56.67085268697189,22.554513386543672
1,1995-08-01,38.78379845126287,23.91632433493955
1,1995-09-01,65.0329527081064,15.836946004920808
1,1995-10-01,62.40655128224777,8.830335505930865
1,1995-11-01,9.29462897032062,2.000688785622697
1,1995-12-01,3.4930895794288763,-2.6826230148716026
1,1996-01-01,22.367762777005794,-7.575041558816998
1,1996-02-01,0.9132394251575457,-2.174561061873494
1,1996-03-01,11.372868408044754,-1.637328525402596
1,1996-04-01,32.266691726250095,7.544171767172822
1,1996-05-01,133.6303345203267,12.626904386099072
1,1996-06-01,57.04809649570019,19.92915216624688
1,1996-07-01,62.49030632006275,21.77476604188514
1,1996-08-01,74.11417141387841,21.136968390138108
1,1996-09-01,101.66559444213382,15.114389447240422
1,1996-10-01,22.00324218959311,9.668515795727998
1,1996-11-01,21.212711090602593,-2.0980222156862345
1,1996-12-01,5.739267898850182,-5.700100352166212
1,1997-01-01,5.184741775771345,-6.465718305536099
1,1997-02-01,11.801765005991221,-1.4575698768108736
1,1997-03-01,4.854495714363055,3.5114704450586918
1,1997-04-01,55.19241443245977,4.8490983764209785
1,1997-05-01,59.60339674713714,12.10401881990229
1,1997-06-01,76.92506412593613,20.00204766452527
1,1997-07-01,90.1319425802775,22.77666794373775
1,1997-08-01,55.73353028396308,21.2690292054657
1,1997-09-01,57.50178325548704,17.711629546937747
1,1997-10-01,73.13235636471961,10.187567536857925
1,1997-11-01,2.6484252154351653,1.0199151707241345
1,1997-12-01,6.394299415056272,-1.4802582933242259
1,1998-01-01,4.938902127943766,-3.08171620712051
1,1998-02-01,10.762320979115463,1.4091324955925373
1,1998-03-01,33.03655709685101,-0.8841684125564649
1,1998-04-01,32.84557172149342,7.486484456530322
1,1998-05-01,84.00888145579663,15.222578829416497
1,1998-06-01,130.09777781091273,16.968362995956614
1,1998-07-01,85.52046993393797,23.638578664870874
1,1998-08-01,58.8595675878971,22.408233857728323
1,1998-09-01,24.412406170997723,20.0862970491915
1,1998-10-01,81.63625408886635,9.82943149241815
1,1998-11-01,47.95866933500438,4.127443935978553
1,1998-12-01,3.277275920154626,-1.8684789371203754
1,1999-01-01,4.168589162534498,-2.9453924511174643
1,1999-02-01,14.232238877696462,2.5421488595859207
1,1999-03-01,20.593043405112578,3.406251750402373
1,1999-04-01,92.55252641335618,7.194450715381145
1,1999-05-01,68.24043405019745,13.662676075330783
1,1999-06-01,113.99640221420405,18.69018585483508
1,1999-07-01,53.02911860513682,23.645720214780482
1,1999-08-01,55.982047277424385,21.90735519963929
1,1999-09-01,55.26309978655523,14.905256434043272
1,1999-10-01,2.1056980922322035,9.725040271528059
1,1999-11-01,5.713662702504689,6.766387105877971
1,1999-12-01,4.360659942601892,0.34505918120127577
1,2000-01-01,8.078777437098045,-2.10835951229493
1,2000-02-01,16.288999169381068,0.932029072841701
1,2000-03-01,29.6602355687697,4.655774343992617
1,2000-04-01,47.327437093121645,8.251665032170315
1,2000-05-01,86.53177556498555,15.407055461410016
1,2000-06-01,62.27006223012601,18.50100253872162
1,2000-07-01,64.80677109829858,23.613513694997312
1,2000-08-01,16.00260050669622,24.24442609608224
1,2000-09-01,39.77670171519908,17.16117334247196
1,2000-10-01,57.702751986519274,10.455674540050651
1,2000-11-01,30.627973721770253,-3.0242287852271788
1,2000-12-01,6.5990323456775135,-7.385241983607201
1,2001-01-01,23.442801778079847,-2.4765585884472534
1,2001-02-01,16.63837462128078,-6.065761697598815
1,2001-03-01,10.778842407496281,1.7302928636243589
1,2001-04-01,125.78311671899544,8.88309745706837
1,2001-05-01,64.03904891020696,14.496804940558816
1,2001-06-01,43.2057835333971,19.46130503558769
1,2001-07-01,92.7778675985294,24.597180029289287
1,2001-08-01,51.314175003036944,22.869630343748582
1,2001-09-01,56.25851395211328,17.16915924508894
1,2001-10-01,16.215693122351215,9.843444483564287
1,2001-11-01,38.833142925501896,5.579672366240613
1,2001-12-01,0.5684379320313498,-1.7170929743107313
1,2002-01-01,2.1527102557544544,-1.7178684798330233
1,2002-02-01,2.0035510080759953,-0.09216975850195272
1,2002-03-01,18.662034833896023,-2.4705804294319993
1,2002-04-01,38.047808708326045,8.78632886231126
1,2002-05-01,40.2299872818394,12.244282028244637
1,2002-06-01,43.07535441474811,22.498457529217227
1,2002-07-01,31.77580509470552,25.344750719436927
1,2002-08-01,77.43689769547669,22.26053409560595
1,2002-09-01,41.836188272313514,17.197494306978285
1,2002-10-01,45.809370759379256,6.100414447109462
1,2002-11-01,2.5985333160210167,2.7320078694098564
1,2002-12-01,4.319813935879092,-0.5442541033670749
1,2003-01-01,10.798301910938797,-2.753509114859977
1,2003-02-01,11.732389830260795,-4.366397223618916
1,2003-03-01,34.912813938352826,2.6083045164656022
1,2003-04-01,73.6932043176286,9.409704614417278
1,2003-05-01,85.76749487505899,13.495726104727888
1,2003-06-01,111.58828094541472,18.182528092118314
1,2003-07-01,53.20160577829168,24.18333014513796
1,2003-08-01,23.968084873795938,23.874329308828074
1,2003-09-01,32.29322391417206,15.984876888972272
1,2003-10-01,17.488769152957385,12.332972941294463
1,2003-11-01,15.416564286134225,0.4346876067275234
1,2003-12-01,7.726969031720429,-0.9345626648286164
1,2004-01-01,5.331154546084759,-4.28388629989267
1,2004-02-01,12.887617094331432,-2.982089715436374
1,2004-03-01,38.14086426190981,5.256497627007272
1,2004-04-01,57.02423029048731,9.37264710682876
1,2004-05-01,79.09233042269031,14.83047374902523
1,2004-06-01,77.19607388488757,17.347282539918226
1,2004-07-01,112.31882871354087,21.895651309767707
1,2004-08-01,43.82078105308486,19.720623534194402
1,2004-09-01,90.14709546798694,18.257382945260332
1,2004-10-01,39.48688831334642,10.573678404249343
1,2004-11-01,28.117647759585502,3.169015081705955
1,2004-12-01,0.658331213577426,-0.6388800408413936
1,2005-01-01,12.014567320209075,-5.1387290219954895
1,2005-02-01,9.854182195014102,1.1408828282458499
1,2005-03-01,40.62318000102669,3.0936399003831383
1,2005-04-01,107.77173179982918,8.53139216180727
1,2005-05-01,95.0178299150583,13.154476159707205
1,2005-06-01,163.58859965034654,20.128503029538287
1,2005-07-01,45.54430496953016,23.857989802425127
1,2005-08-01,81.36706944213275,22.162412436719688
1,2005-09-01,31.03355986078044,18.952099314703606
1,2005-10-01,24.520627296923788,10.180984174345031
1,2005-11-01,27.00312469082702,4.738137629798731
1,2005-12-01,6.1026895199100615,-3.993293806535635
1,2006-01-01,8.338421895585082,2.8487441210513436
1,2006-02-01,7.437724908907033,-3.2722885147919305
1,2006-03-01,47.8307481084969,1.5075900618760028
1,2006-04-01,63.04295110636548,10.932565075803408
1,2006-05-01,15.103006360278382,15.488752723432286
1,2006-06-01,78.12154790252367,21.541385318944883
1,2006-07-01,37.57322173293954,25.1754537761162
1,2006-08-01,68.81960080478761,22.293703854924445
1,2006-09-01,74.07444455065324,14.100454085500054
1,2006-10-01,19.710336191996365,8.137497207688014
1,2006-11-01,5.783867568473147,2.5099672156373
1,2006-12-01,47.86547551037723,-1.7747587219008352
1,2007-01-01,11.5717202079438,-5.87557589035518
1,2007-02-01,30.008412776680103,-5.529340598146215
1,2007-03-01,60.114260177570166,6.95653889763905
1,2007-04-01,96.03779933213299,6.885489128820453
1,2007-05-01,142.74832906556915,15.916453613310782
1,2007-06-01,86.14394418844579,19.913143038782653
1,2007-07-01,49.82157454274492,24.323607446081514
1,2007-08-01,88.95726094392235,23.619239431670724
1,2007-09-01,37.46209789238688,17.886319623192524
1,2007-10-01,68.13052553783784,11.076549049105349
1,2007-11-01,0.6141351950518937,4.066756067666218
1,2007-12-01,NA,-5.7845711900543915
1,2008-01-01,3.671333423919212,-5.985906558897657
1,2008-02-01,9.024959633759224,-3.2653277731416264
1,2008-03-01,18.68417528699302,2.3174504802179006
1,2008-04-01,76.1880063195899,6.118129401566869
1,2008-05-01,138.52942719484608,12.636290068780662
1,2008-06-01,108.22058440006128,18.6502646424344
1,2008-07-01,97.40670642742046,23.474996147018658
1,2008-08-01,61.44113518976205,21.532357398600812
1,2008-09-01,75.26671079551782,16.136636374897805
1,2008-10-01,98.40026772519906,9.23666535512762
1,2008-11-01,18.86922808328901,3.2795406573709167
1,2008-12-01,11.26651368234697,-6.533830277920447
1,2009-01-01,16.364448151339282,-3.6905196641142273
1,2009-02-01,23.304214538511403,-0.576622918545563
1,2009-03-01,22.55534999964516,1.8726954141769179
1,2009-04-01,77.70062760618606,6.649174215914214
1,2009-05-01,68.20150982875423,13.940626310254121
1,2009-06-01,156.13365217002672,18.182211820809666
1,2009-07-01,90.20140838201154,20.71809691475805
1,2009-08-01,91.07019102926104,20.15790362380504
1,2009-09-01,37.158029002974835,16.10670299651315
1,2009-10-01,85.1445811469156,4.59976438675792
1,2009-11-01,3.644029305928008,5.068390897535176
1,2009-12-01,18.996398938700896,-7.866569351879699
1,2010-01-01,7.977733201219255,-4.923550411486179
1,2010-02-01,16.596746480428646,-5.271445924681375
1,2010-03-01,37.5348003496607,3.612420687202199
1,2010-04-01,83.61219186442707,9.74538144005377
1,2010-05-01,78.05850184500979,12.467439631450759
1,2010-06-01,198.50530463976173,19.739688252097583
1,2010-07-01,113.90863448320434,23.13096127814603
1,2010-08-01,69.15507354873473,23.19796710057848
1,2010-09-01,40.96791233705299,16.555380659074395
1,2010-10-01,36.45904505157265,11.535037592032818
1,2010-11-01,9.606076303852122,1.931369178312281
1,2010-12-01,10.109532209928354,-3.277979417527158
1,2011-01-01,24.354204587854667,-6.518407832597318
1,2011-02-01,19.36057560991621,-5.245697515130151
1,2011-03-01,29.167430198749603,1.5547012049896185
1,2011-04-01,67.40244070574647,7.546047635984125
1,2011-05-01,121.86199693202563,12.09591016856419
1,2011-06-01,135.01919077587604,19.144799897708324
1,2011-07-01,109.2288770098235,24.68521016864181
1,2011-08-01,81.86939611216113,22.85547191133677
1,2011-09-01,30.368286698109046,15.5943913951512
1,2011-10-01,59.71992922633402,10.647221398874317
1,2011-11-01,8.744208454789135,2.9118552650079077
1,2011-12-01,5.8686364344889554,-1.998601973226211
1,2012-01-01,3.213866464154553,-1.359720273325613
1,2012-02-01,31.69187031498855,-2.338121477727707
1,2012-03-01,11.360987556678927,9.178725621500561
1,2012-04-01,94.52824629134246,10.8421442784886
1,2012-05-01,40.84340889308227,15.456339406083888
1,2012-06-01,28.15685512428262,22.62746417314796
1,2012-07-01,28.602544670511257,26.421120422401252
1,2012-08-01,21.509724885828852,22.639263995220425
1,2012-09-01,7.11006911218847,17.489283112158653
1,2012-10-01,10.53003705188916,8.294832580551637
1,2012-11-01,5.744557094353001,3.7348912458311707
1,2012-12-01,8.66045646269349,-2.669850000268623
1,2013-01-01,5.3167768823946675,-3.7863482578637235
1,2013-02-01,21.3183715883328,-2.3334540768094114
1,2013-03-01,20.810497923676305,0.9939635515059391
1,2013-04-01,47.81530996801961,4.6961475809470095
1,2013-05-01,122.84896791630555,14.030460991251694
1,2013-06-01,69.06006944143304,19.470318309898907
1,2013-07-01,64.48706555966326,22.466128244629417
1,2013-08-01,92.18454743591744,22.971576959611557
1,2013-09-01,48.887492968754344,19.625365304986452
1,2013-10-01,51.27992564536941,8.372099374914043
1,2013-11-01,14.410247722184819,1.7053163640493534
1,2013-12-01,8.281072434256776,-5.485499843497713
1,2014-01-01,4.315612111551662,-3.21874800827874
1,2014-02-01,13.700680122277996,-6.790221779722849
1,2014-03-01,15.479352496129819,1.1468786823532533
1,2014-04-01,40.34329388133027,8.017852193649434
1,2014-05-01,71.15380373467853,13.740123961556517
1,2014-06-01,179.49043215286892,18.969534220338225
1,2014-07-01,55.016490190372465,21.482002669090008
1,2014-08-01,107.48297188220694,21.82479175402046
1,2014-09-01,55.235856547947684,16.75884652711226
1,2014-10-01,20.452867562381307,11.434119981528983
1,2014-11-01,8.812628703387164,-0.4739906224241162
1,2014-12-01,29.557233057398943,-2.905391622519077
1,2015-01-01,3.808695051121934,-3.0528361977613296
1,2015-02-01,18.24064611123023,-2.9923108939162764
1,2015-03-01,0.9903267898862598,5.5908075638624135
1,2015-04-01,75.65457952909121,9.484793100496795
1,2015-05-01,169.3799907039926,12.41703902116162
1,2015-06-01,105.04309950752892,20.361583788288815
1,2015-07-01,89.19266778367434,22.538599333843543
1,2015-08-01,59.052366849431536,21.34457524230805
1,2015-09-01,61.95369340696427,19.774420621944177
1,2015-10-01,45.24177248951887,11.635874208508856
1,2015-11-01,40.18735775171078,3.542289630052353
1,2015-12-01,26.40843460775358,-2.3879251874847576
1,2016-01-01,8.571836053369367,-3.5784347838119026
1,2016-02-01,14.678721311641574,1.7474380127883449
1,2016-03-01,36.13684766220712,5.7121733416830764
1,2016-04-01,129.28239374896347,8.733140030914441
1,2016-05-01,114.52457474910773,13.063230653741195
1,2016-06-01,79.54000663229992,22.081240477072843
1,2016-07-01,108.1308561888788,22.721627557346892
1,2016-08-01,39.95666797747099,21.507346339142714
1,2016-09-01,43.442245767299234,17.456098420467697
1,2016-10-01,42.59041744824884,12.423865395024697
1,2016-11-01,16.577623438367212,6.467227843376628
1,2016-12-01,17.960325679826393,-5.212647743768261
1,2017-01-01,25.06350787502639,-4.8857937035127055
1,2017-02-01,22.888097321819316,0.6623940034053437
1,2017-03-01,31.553992529023727,4.789884664487023
1,2017-04-01,59.16044516717669,8.962181797665648
1,2017-05-01,110.69322421638444,12.808589772621772
1,2017-06-01,22.68146310282363,20.513351826961784
1,2017-07-01,79.43143264463606,24.666959694547813
1,2017-08-01,111.78893058656637,20.259268861664644
1,2017-09-01,78.39031573056435,17.330751437260226
1,2017-10-01,65.64515396320647,9.68357026580291
1,2017-11-01,6.911400609495014,4.126195937452768
1,2017-12-01,11.501601324313425,-3.354468779963349
1,2018-01-01,19.40677632262502,-5.274165580969412
1,2018-02-01,20.373571178350772,-6.707411430736968
1,2018-03-01,26.74298895015088,2.550356490459765
1,2018-04-01,51.89517280466816,4.123179904393531
1,2018-05-01,154.11727585184605,16.584639985356368
1,2018-06-01,129.40222558719455,21.367963974931342
1,2018-07-01,154.6150059719788,22.606236330474772
1,2018-08-01,46.451455644919015,20.96921914712085
1,2018-09-01,56.734614899846086,18.240847398010708
1,2018-10-01,52.5437741267738,7.591169562562575
1,2018-11-01,20.734137414336928,0.7090724681742591
1,2018-12-01,47.001207912762546,-2.5839506349314387
1,2019-01-01,3.134305228675169,-3.125798597697048
1,2019-02-01,15.790201547431296,-9.00262829411711
1,2019-03-01,75.71668290129548,-1.4263077808278835
1,2019-04-01,60.3331238538619,8.51497877135211
1,2019-05-01,176.84282085702395,10.647586427013085
1,2019-06-01,94.73217392495106,19.153380078375584
1,2019-07-01,122.111405329115,23.058694900120354
1,2019-08-01,154.9088598762327,21.465149749468992
1,2019-09-01,81.8479195360912,19.363360642002615
1,2019-10-01,25.870922592881165,5.73731204492466
1,2019-11-01,22.402501789153145,1.286659436448196
1,2019-12-01,30.030424116987486,-1.4304765461433888
1,2020-01-01,10.140815859082236,-2.7651303494346466
1,2020-02-01,7.992599676129619,-2.175553746799561
1,2020-03-01,53.392540769548134,3.9951583973307474
1,2020-04-01,20.073259878198183,6.440775038229018
1,2020-05-01,108.33856318027976,12.83625979024071
1,2020-06-01,79.54710761479745,22.08017892444663
1,2020-07-01,114.37759216167285,23.41665664126539
1,2020-08-01,27.78486260258045,23.05185178198273
1,2020-09-01,18.882705007431213,16.628417991161474
1,2020-10-01,20.966890779555307,6.871082796455899
1,2020-11-01,14.269323745846933,5.336296026700768
1,2020-12-01,12.933226155087782,-0.40916661914973235
1,2021-01-01,9.498826301242895,-1.694677591498946
1,2021-02-01,15.144144879805989,-8.814144710760143
1,2021-03-01,79.95346516299954,4.851187547003986
1,2021-04-01,33.86818673342405,6.807382826848625
1,2021-05-01,89.29965031776516,13.386195265063611
1,2021-06-01,53.857839637610944,21.918948153748115
1,2021-07-01,62.76872915281664,23.594510604968082
1,2021-08-01,54.05473950965863,22.820404717168785
1,2021-09-01,69.38370233693449,19.130222493520513
1,2021-10-01,36.366273087956884,10.778775256280584
1,2021-11-01,6.278299039733237,5.394665251062959
1,2021-12-01,8.274898293666196,0.38804173781823775
1,2022-01-01,4.413549293637566,-3.726081323650026
1,2022-02-01,3.8424145308437287,-3.750966036883318
1,2022-03-01,14.419077712724306,2.2481119144941735
1,2022-04-01,54.45902364505148,6.608021616441396
1,2022-05-01,88.54734849178357,13.631282052843487
1,2022-06-01,36.74764266052319,20.848202661351316
1,2022-07-01,83.40018192825936,24.37604258829696
1,2022-08-01,34.575114248733314,23.763746340168687
1,2022-09-01,31.810991622085318,19.077573196710652
1,2022-10-01,14.822548354235654,10.527677344063022
1,2022-11-01,5.71090098440171,0.32368931959471997
1,2022-12-01,34.319346539711496,-6.38323691618318
1,2023-01-01,59.23447729442409,-4.572734994324063
1,2023-02-01,11.197847825043404,-4.29311957713942
1,2023-03-01,17.554441240303866,-0.6225568273295807
1,2023-04-01,15.370423067248986,7.231341974887524
1,2023-05-01,147.7879503338182,15.560185569803265
1,2023-06-01,101.48764183945096,20.06732533048588
1,2023-07-01,120.04621715930584,21.950351157173902
1,2023-08-01,68.70407034304705,22.57808266814519
1,2023-09-01,60.75211210596313,18.714318914310613
1,2023-10-01,71.96299263941293,9.431672141734552
1,2023-11-01,17.076031943003038,4.324894439392992
1,2023-12-01,23.209400043060384,0.858398396555475
1,2024-01-01,9.236885310735387,-6.989276042391931
1,2024-02-01,28.717133910015917,2.14389383577001
1,2024-03-01,27.833916683634644,3.1350996852876882
1,2024-04-01,92.63287782972273,8.407582673770744
1,2024-05-01,74.48354525008433,13.867546903121385
1,2024-06-01,124.3759019227854,20.520586711450107
1,2024-07-01,60.19314209861859,22.572400488311626
1,2024-08-01,43.496693831832225,22.545806934861872
1,2024-09-01,7.173850664207215,20.10612144870984
1,2024-10-01,11.553108332207467,12.19570561604899
1,2024-11-01,35.41124965276463,3.2936260822829593
1,2024-12-01,3.9689131133471087,0.2889416301517537
1,2025-01-01,6.102717870732577,-6.517884894501042
1,2025-02-01,9.111252194614957,-6.541951423921357
1,2025-03-01,28.861444313485762,5.613138469635918
1,2025-04-01,35.59931036553891,8.207873660159555
1,2025-05-01,123.13070017018644,14.023892973482461
1,2025-06-01,148.07644832506645,20.55355699701076
1,2025-07-01,94.15073433850479,23.244638374967735
1,2025-08-01,62.66594999733633,22.25330330055327
1,2025-09-01,69.62795626197652,18.25934669119171
1,2025-10-01,27.5063329953201,12.01165380944591
1,2025-11-01,6.195752731205467,5.0775004118096065
1,2025-12-01,2.9456423612583347,1.1069918139586794
